{"passes":[{"help":"Elements must only use allowed ARIA attributes","nodes":[{"all":[],"html":"<a class=\"gb_b gb_cc\" href=\"https://www.google.co.in/intl/en/options/\" title=\"Google apps\" aria-expanded=\"false\" role=\"button\" tabindex=\"0\" data-eqid=\"0click\"><\/a>","none":[],"any":[{"impact":"critical","relatedNodes":[],"id":"aria-allowed-attr","message":"ARIA attributes are used correctly for the defined role"}],"target":["#gbwa > .gb_Mc > .gb_b.gb_cc"]},{"all":[],"html":"<a class=\"gsst_a\" href=\"javascript:void(0)\" aria-label=\"Search by voice\"><span class=\"gsri_a\" id=\"gsri_ok0\"><\/span><\/a>","none":[],"any":[{"impact":"critical","relatedNodes":[],"id":"aria-allowed-attr","message":"ARIA attributes are used correctly for the defined role"}],"target":["#gs_st0 > .gsst_a"]},{"all":[],"html":"<input class=\"gsfi lst-d-f\" id=\"lst-ib\" maxlength=\"2048\" name=\"q\" autocomplete=\"off\" title=\"Search\" type=\"text\" value=\"\" aria-label=\"Search\" aria-haspopup=\"false\" role=\"combobox\" aria-autocomplete=\"list\" dir=\"ltr\" spellcheck=\"false\" style=\"border: none; padding: 0px; margin: 0px; height: auto; width: 100%; background: url(&quot;data:image/gif;base64,R0lGODlhAQABAID/AMDAwAAAACH5BAEAAAAALAAAAAABAAEAAAICRAEAOw%3D%3D&quot;) transparent; position: absolute; z-index: 6; left: 0px; outline: none;\">","none":[],"any":[{"impact":"critical","relatedNodes":[],"id":"aria-allowed-attr","message":"ARIA attributes are used correctly for the defined role"}],"target":["#lst-ib"]},{"all":[],"html":"<a class=\"_Gs\" href=\"https://www.google.co.in/preferences?hl=en\" id=\"fsettl\" aria-controls=\"fsett\" aria-expanded=\"false\" role=\"button\" jsaction=\"foot.cst\" style=\"\">Settings<\/a>","none":[],"any":[{"impact":"critical","relatedNodes":[],"id":"aria-allowed-attr","message":"ARIA attributes are used correctly for the defined role"}],"target":["#fsettl"]}],"description":"Ensures ARIA attributes are allowed for an element's role","helpUrl":"https://dequeuniversity.com/rules/axe/2.0/aria-allowed-attr?application=axeAPI","id":"aria-allowed-attr","tags":["wcag2a","wcag411","wcag412"]},{"help":"Required ARIA attributes must be provided","nodes":[{"all":[],"html":"<a class=\"gb_b gb_cc\" href=\"https://www.google.co.in/intl/en/options/\" title=\"Google apps\" aria-expanded=\"false\" role=\"button\" tabindex=\"0\" data-eqid=\"0click\"><\/a>","none":[],"any":[{"impact":"critical","relatedNodes":[],"id":"aria-required-attr","message":"All required ARIA attributes are present"}],"target":["#gbwa > .gb_Mc > .gb_b.gb_cc"]},{"all":[],"html":"<form class=\"tsf\" action=\"/search\" style=\"overflow:visible\" id=\"tsf\" method=\"GET\" name=\"f\" onsubmit=\"return q.value!=''\" role=\"search\">","none":[],"any":[{"impact":"critical","relatedNodes":[],"id":"aria-required-attr","message":"All required ARIA attributes are present"}],"target":["#tsf"]},{"all":[],"html":"<a class=\"_Gs\" href=\"https://www.google.co.in/preferences?hl=en\" id=\"fsettl\" aria-controls=\"fsett\" aria-expanded=\"false\" role=\"button\" jsaction=\"foot.cst\" style=\"\">Settings<\/a>","none":[],"any":[{"impact":"critical","relatedNodes":[],"id":"aria-required-attr","message":"All required ARIA attributes are present"}],"target":["#fsettl"]}],"description":"Ensures elements with ARIA roles have all required ARIA attributes","helpUrl":"https://dequeuniversity.com/rules/axe/2.0/aria-required-attr?application=axeAPI","id":"aria-required-attr","tags":["wcag2a","wcag411","wcag412"]},{"help":"Certain ARIA roles must contain particular children","nodes":[{"all":[],"html":"<a class=\"gb_b gb_cc\" href=\"https://www.google.co.in/intl/en/options/\" title=\"Google apps\" aria-expanded=\"false\" role=\"button\" tabindex=\"0\" data-eqid=\"0click\"><\/a>","none":[],"any":[{"impact":"critical","relatedNodes":[],"id":"aria-required-children","message":"Required ARIA children are present"}],"target":["#gbwa > .gb_Mc > .gb_b.gb_cc"]},{"all":[],"html":"<form class=\"tsf\" action=\"/search\" style=\"overflow:visible\" id=\"tsf\" method=\"GET\" name=\"f\" onsubmit=\"return q.value!=''\" role=\"search\">","none":[],"any":[{"impact":"critical","relatedNodes":[],"id":"aria-required-children","message":"Required ARIA children are present"}],"target":["#tsf"]},{"all":[],"html":"<a class=\"_Gs\" href=\"https://www.google.co.in/preferences?hl=en\" id=\"fsettl\" aria-controls=\"fsett\" aria-expanded=\"false\" role=\"button\" jsaction=\"foot.cst\" style=\"\">Settings<\/a>","none":[],"any":[{"impact":"critical","relatedNodes":[],"id":"aria-required-children","message":"Required ARIA children are present"}],"target":["#fsettl"]}],"description":"Ensures elements with an ARIA role that require child roles contain them","helpUrl":"https://dequeuniversity.com/rules/axe/2.0/aria-required-children?application=axeAPI","id":"aria-required-children","tags":["wcag2a","wcag131"]},{"help":"Certain ARIA roles must be contained by particular parents","nodes":[{"all":[],"html":"<a class=\"gb_b gb_cc\" href=\"https://www.google.co.in/intl/en/options/\" title=\"Google apps\" aria-expanded=\"false\" role=\"button\" tabindex=\"0\" data-eqid=\"0click\"><\/a>","none":[],"any":[{"impact":"critical","relatedNodes":[],"id":"aria-required-parent","message":"Required ARIA parent role present"}],"target":["#gbwa > .gb_Mc > .gb_b.gb_cc"]},{"all":[],"html":"<form class=\"tsf\" action=\"/search\" style=\"overflow:visible\" id=\"tsf\" method=\"GET\" name=\"f\" onsubmit=\"return q.value!=''\" role=\"search\">","none":[],"any":[{"impact":"critical","relatedNodes":[],"id":"aria-required-parent","message":"Required ARIA parent role present"}],"target":["#tsf"]},{"all":[],"html":"<input class=\"gsfi lst-d-f\" id=\"lst-ib\" maxlength=\"2048\" name=\"q\" autocomplete=\"off\" title=\"Search\" type=\"text\" value=\"\" aria-label=\"Search\" aria-haspopup=\"false\" role=\"combobox\" aria-autocomplete=\"list\" dir=\"ltr\" spellcheck=\"false\" style=\"border: none; padding: 0px; margin: 0px; height: auto; width: 100%; background: url(&quot;data:image/gif;base64,R0lGODlhAQABAID/AMDAwAAAACH5BAEAAAAALAAAAAABAAEAAAICRAEAOw%3D%3D&quot;) transparent; position: absolute; z-index: 6; left: 0px; outline: none;\">","none":[],"any":[{"impact":"critical","relatedNodes":[],"id":"aria-required-parent","message":"Required ARIA parent role present"}],"target":["#lst-ib"]},{"all":[],"html":"<a class=\"_Gs\" href=\"https://www.google.co.in/preferences?hl=en\" id=\"fsettl\" aria-controls=\"fsett\" aria-expanded=\"false\" role=\"button\" jsaction=\"foot.cst\" style=\"\">Settings<\/a>","none":[],"any":[{"impact":"critical","relatedNodes":[],"id":"aria-required-parent","message":"Required ARIA parent role present"}],"target":["#fsettl"]}],"description":"Ensures elements with an ARIA role that require parent roles are contained by them","helpUrl":"https://dequeuniversity.com/rules/axe/2.0/aria-required-parent?application=axeAPI","id":"aria-required-parent","tags":["wcag2a","wcag131"]},{"help":"ARIA roles used must conform to valid values","nodes":[{"all":[],"html":"<a class=\"gb_b gb_cc\" href=\"https://www.google.co.in/intl/en/options/\" title=\"Google apps\" aria-expanded=\"false\" role=\"button\" tabindex=\"0\" data-eqid=\"0click\"><\/a>","none":[{"impact":"critical","relatedNodes":[],"id":"invalidrole","message":"ARIA role is valid"},{"impact":"serious","relatedNodes":[],"id":"abstractrole","message":"Abstract roles are not used"}],"any":[],"target":["#gbwa > .gb_Mc > .gb_b.gb_cc"]},{"all":[],"html":"<form class=\"tsf\" action=\"/search\" style=\"overflow:visible\" id=\"tsf\" method=\"GET\" name=\"f\" onsubmit=\"return q.value!=''\" role=\"search\">","none":[{"impact":"critical","relatedNodes":[],"id":"invalidrole","message":"ARIA role is valid"},{"impact":"serious","relatedNodes":[],"id":"abstractrole","message":"Abstract roles are not used"}],"any":[],"target":["#tsf"]},{"all":[],"html":"<input class=\"gsfi lst-d-f\" id=\"lst-ib\" maxlength=\"2048\" name=\"q\" autocomplete=\"off\" title=\"Search\" type=\"text\" value=\"\" aria-label=\"Search\" aria-haspopup=\"false\" role=\"combobox\" aria-autocomplete=\"list\" dir=\"ltr\" spellcheck=\"false\" style=\"border: none; padding: 0px; margin: 0px; height: auto; width: 100%; background: url(&quot;data:image/gif;base64,R0lGODlhAQABAID/AMDAwAAAACH5BAEAAAAALAAAAAABAAEAAAICRAEAOw%3D%3D&quot;) transparent; position: absolute; z-index: 6; left: 0px; outline: none;\">","none":[{"impact":"critical","relatedNodes":[],"id":"invalidrole","message":"ARIA role is valid"},{"impact":"serious","relatedNodes":[],"id":"abstractrole","message":"Abstract roles are not used"}],"any":[],"target":["#lst-ib"]},{"all":[],"html":"<a class=\"_Gs\" href=\"https://www.google.co.in/preferences?hl=en\" id=\"fsettl\" aria-controls=\"fsett\" aria-expanded=\"false\" role=\"button\" jsaction=\"foot.cst\" style=\"\">Settings<\/a>","none":[{"impact":"critical","relatedNodes":[],"id":"invalidrole","message":"ARIA role is valid"},{"impact":"serious","relatedNodes":[],"id":"abstractrole","message":"Abstract roles are not used"}],"any":[],"target":["#fsettl"]}],"description":"Ensures all elements with a role attribute use a valid value","helpUrl":"https://dequeuniversity.com/rules/axe/2.0/aria-roles?application=axeAPI","id":"aria-roles","tags":["wcag2a","wcag131","wcag411","wcag412"]},{"help":"ARIA attributes must conform to valid values","nodes":[{"all":[],"html":"<a class=\"gb_b gb_cc\" href=\"https://www.google.co.in/intl/en/options/\" title=\"Google apps\" aria-expanded=\"false\" role=\"button\" tabindex=\"0\" data-eqid=\"0click\"><\/a>","none":[],"any":[{"impact":"critical","relatedNodes":[],"id":"aria-valid-attr-value","message":"ARIA attribute values are valid"}],"target":["#gbwa > .gb_Mc > .gb_b.gb_cc"]},{"all":[],"html":"<a class=\"gsst_a\" href=\"javascript:void(0)\" aria-label=\"Search by voice\"><span class=\"gsri_a\" id=\"gsri_ok0\"><\/span><\/a>","none":[],"any":[{"impact":"critical","relatedNodes":[],"id":"aria-valid-attr-value","message":"ARIA attribute values are valid"}],"target":["#gs_st0 > .gsst_a"]},{"all":[],"html":"<input class=\"gsfi lst-d-f\" id=\"lst-ib\" maxlength=\"2048\" name=\"q\" autocomplete=\"off\" title=\"Search\" type=\"text\" value=\"\" aria-label=\"Search\" aria-haspopup=\"false\" role=\"combobox\" aria-autocomplete=\"list\" dir=\"ltr\" spellcheck=\"false\" style=\"border: none; padding: 0px; margin: 0px; height: auto; width: 100%; background: url(&quot;data:image/gif;base64,R0lGODlhAQABAID/AMDAwAAAACH5BAEAAAAALAAAAAABAAEAAAICRAEAOw%3D%3D&quot;) transparent; position: absolute; z-index: 6; left: 0px; outline: none;\">","none":[],"any":[{"impact":"critical","relatedNodes":[],"id":"aria-valid-attr-value","message":"ARIA attribute values are valid"}],"target":["#lst-ib"]},{"all":[],"html":"<input value=\"Google Search\" aria-label=\"Google Search\" name=\"btnK\" type=\"submit\" jsaction=\"sf.chk\">","none":[],"any":[{"impact":"critical","relatedNodes":[],"id":"aria-valid-attr-value","message":"ARIA attribute values are valid"}],"target":["#tsf > .tsf-p > .jsb > center > input:nth-of-type(1)"]},{"all":[],"html":"<input value=\"I'm Feeling Lucky\" aria-label=\"I'm Feeling Lucky\" name=\"btnI\" type=\"submit\" jsaction=\"sf.lck\">","none":[],"any":[{"impact":"critical","relatedNodes":[],"id":"aria-valid-attr-value","message":"ARIA attribute values are valid"}],"target":["#tsf > .tsf-p > .jsb > center > input:nth-of-type(2)"]},{"all":[],"html":"<a class=\"_Gs\" href=\"https://www.google.co.in/preferences?hl=en\" id=\"fsettl\" aria-controls=\"fsett\" aria-expanded=\"false\" role=\"button\" jsaction=\"foot.cst\" style=\"\">Settings<\/a>","none":[],"any":[{"impact":"critical","relatedNodes":[],"id":"aria-valid-attr-value","message":"ARIA attribute values are valid"}],"target":["#fsettl"]}],"description":"Ensures all ARIA attributes have valid values","helpUrl":"https://dequeuniversity.com/rules/axe/2.0/aria-valid-attr-value?application=axeAPI","id":"aria-valid-attr-value","tags":["wcag2a","wcag131","wcag411","wcag412"]},{"help":"ARIA attributes must conform to valid names","nodes":[{"all":[],"html":"<a class=\"gb_b gb_cc\" href=\"https://www.google.co.in/intl/en/options/\" title=\"Google apps\" aria-expanded=\"false\" role=\"button\" tabindex=\"0\" data-eqid=\"0click\"><\/a>","none":[],"any":[{"impact":"critical","relatedNodes":[],"id":"aria-valid-attr","message":"ARIA attribute name are valid"}],"target":["#gbwa > .gb_Mc > .gb_b.gb_cc"]},{"all":[],"html":"<a class=\"gsst_a\" href=\"javascript:void(0)\" aria-label=\"Search by voice\"><span class=\"gsri_a\" id=\"gsri_ok0\"><\/span><\/a>","none":[],"any":[{"impact":"critical","relatedNodes":[],"id":"aria-valid-attr","message":"ARIA attribute name are valid"}],"target":["#gs_st0 > .gsst_a"]},{"all":[],"html":"<input class=\"gsfi lst-d-f\" id=\"lst-ib\" maxlength=\"2048\" name=\"q\" autocomplete=\"off\" title=\"Search\" type=\"text\" value=\"\" aria-label=\"Search\" aria-haspopup=\"false\" role=\"combobox\" aria-autocomplete=\"list\" dir=\"ltr\" spellcheck=\"false\" style=\"border: none; padding: 0px; margin: 0px; height: auto; width: 100%; background: url(&quot;data:image/gif;base64,R0lGODlhAQABAID/AMDAwAAAACH5BAEAAAAALAAAAAABAAEAAAICRAEAOw%3D%3D&quot;) transparent; position: absolute; z-index: 6; left: 0px; outline: none;\">","none":[],"any":[{"impact":"critical","relatedNodes":[],"id":"aria-valid-attr","message":"ARIA attribute name are valid"}],"target":["#lst-ib"]},{"all":[],"html":"<input value=\"Google Search\" aria-label=\"Google Search\" name=\"btnK\" type=\"submit\" jsaction=\"sf.chk\">","none":[],"any":[{"impact":"critical","relatedNodes":[],"id":"aria-valid-attr","message":"ARIA attribute name are valid"}],"target":["#tsf > .tsf-p > .jsb > center > input:nth-of-type(1)"]},{"all":[],"html":"<input value=\"I'm Feeling Lucky\" aria-label=\"I'm Feeling Lucky\" name=\"btnI\" type=\"submit\" jsaction=\"sf.lck\">","none":[],"any":[{"impact":"critical","relatedNodes":[],"id":"aria-valid-attr","message":"ARIA attribute name are valid"}],"target":["#tsf > .tsf-p > .jsb > center > input:nth-of-type(2)"]},{"all":[],"html":"<a class=\"_Gs\" href=\"https://www.google.co.in/preferences?hl=en\" id=\"fsettl\" aria-controls=\"fsett\" aria-expanded=\"false\" role=\"button\" jsaction=\"foot.cst\" style=\"\">Settings<\/a>","none":[],"any":[{"impact":"critical","relatedNodes":[],"id":"aria-valid-attr","message":"ARIA attribute name are valid"}],"target":["#fsettl"]}],"description":"Ensures attributes that begin with aria- are valid ARIA attributes","helpUrl":"https://dequeuniversity.com/rules/axe/2.0/aria-valid-attr?application=axeAPI","id":"aria-valid-attr","tags":["wcag2a","wcag411"]},{"help":"Buttons must have discernible text","nodes":[{"all":[],"html":"<a class=\"gb_b gb_cc\" href=\"https://www.google.co.in/intl/en/options/\" title=\"Google apps\" aria-expanded=\"false\" role=\"button\" tabindex=\"0\" data-eqid=\"0click\"><\/a>","none":[{"impact":"serious","relatedNodes":[],"id":"focusable-no-name","message":"Element is not in tab order or has accessible text"}],"any":[{"impact":"critical","relatedNodes":[],"id":"button-has-visible-text","message":"Element has inner text that is visible to screen readers"}],"target":["#gbwa > .gb_Mc > .gb_b.gb_cc"]},{"all":[],"html":"<input value=\"Google Search\" aria-label=\"Google Search\" name=\"btnK\" type=\"submit\" jsaction=\"sf.chk\">","none":[{"impact":"serious","relatedNodes":[],"id":"focusable-no-name","message":"Element is not in tab order or has accessible text"}],"any":[{"data":"Google Search","impact":"critical","relatedNodes":[],"id":"non-empty-if-present","message":"Element has a non-empty value attribute"},{"impact":"critical","relatedNodes":[],"id":"aria-label","message":"aria-label attribute exists and is not empty"}],"target":["#tsf > .tsf-p > .jsb > center > input:nth-of-type(1)"]},{"all":[],"html":"<input value=\"I'm Feeling Lucky\" aria-label=\"I'm Feeling Lucky\" name=\"btnI\" type=\"submit\" jsaction=\"sf.lck\">","none":[{"impact":"serious","relatedNodes":[],"id":"focusable-no-name","message":"Element is not in tab order or has accessible text"}],"any":[{"data":"I'm Feeling Lucky","impact":"critical","relatedNodes":[],"id":"non-empty-if-present","message":"Element has a non-empty value attribute"},{"impact":"critical","relatedNodes":[],"id":"aria-label","message":"aria-label attribute exists and is not empty"}],"target":["#tsf > .tsf-p > .jsb > center > input:nth-of-type(2)"]},{"all":[],"html":"<a class=\"_Gs\" href=\"https://www.google.co.in/preferences?hl=en\" id=\"fsettl\" aria-controls=\"fsett\" aria-expanded=\"false\" role=\"button\" jsaction=\"foot.cst\" style=\"\">Settings<\/a>","none":[{"impact":"serious","relatedNodes":[],"id":"focusable-no-name","message":"Element is not in tab order or has accessible text"}],"any":[{"impact":"critical","relatedNodes":[],"id":"button-has-visible-text","message":"Element has inner text that is visible to screen readers"}],"target":["#fsettl"]}],"description":"Ensures buttons have discernible text","helpUrl":"https://dequeuniversity.com/rules/axe/2.0/button-name?application=axeAPI","id":"button-name","tags":["wcag2a","wcag412","section508","section508.22.a"]},{"help":"Page must have means to bypass repeated blocks","nodes":[{"all":[],"html":"<html itemscope=\"\" itemtype=\"http://schema.org/WebPage\" lang=\"en-IN\">","none":[],"any":[{"impact":"critical","relatedNodes":[],"id":"internal-link-present","message":"Valid skip link found"},{"impact":"moderate","relatedNodes":[],"id":"header-present","message":"Page has a header"}],"target":["html"]}],"description":"Ensures each page has at least one mechanism for a user to bypass navigation and jump straight to the content","helpUrl":"https://dequeuniversity.com/rules/axe/2.0/bypass?application=axeAPI","id":"bypass","tags":["wcag2a","wcag241","section508","section508.22.o"]},{"help":"Elements must have sufficient color contrast","nodes":[{"all":[],"html":"<textarea name=\"csi\" id=\"csi\" style=\"display:none\"><\/textarea>","none":[],"any":[{"impact":"critical","relatedNodes":[],"id":"color-contrast","message":"Unable to determine contrast ratio"}],"target":["#csi"]},{"all":[],"html":"<a class=\"gb_P\" data-pid=\"23\" href=\"https://mail.google.com/mail/?tab=wm\" style=\"\">Gmail<\/a>","none":[],"any":[{"data":{"contrastRatio":"16.07","fgColor":"#212121","bgColor":"#ffffff","fontSize":"9.8pt","fontWeight":"normal"},"impact":"critical","relatedNodes":[],"id":"color-contrast","message":"Element has sufficient color contrast of 16.07"}],"target":["#gbw > div > .gb_kb.gb_Eg.gb_R.gb_Dg.gb_Ig.gb_T > .gb_ke.gb_R.gb_Eg.gb_vg > div:nth-of-type(1) > .gb_P"]},{"all":[],"html":"<a class=\"gb_P\" data-pid=\"2\" href=\"https://www.google.co.in/imghp?hl=en&amp;tab=wi\" style=\"\">Images<\/a>","none":[],"any":[{"data":{"contrastRatio":"16.07","fgColor":"#212121","bgColor":"#ffffff","fontSize":"9.8pt","fontWeight":"normal"},"impact":"critical","relatedNodes":[],"id":"color-contrast","message":"Element has sufficient color contrast of 16.07"}],"target":["#gbw > div > .gb_kb.gb_Eg.gb_R.gb_Dg.gb_Ig.gb_T > .gb_ke.gb_R.gb_Eg.gb_vg > div:nth-of-type(2) > .gb_P"]},{"all":[],"html":"<a class=\"gb_Wf gb_Fa gb_Db\" id=\"gb_70\" href=\"https://accounts.google.com/ServiceLogin?hl=en&amp;passive=true&amp;continue=https://www.google.co.in/%3Fgfe_rd%3Dcr%26dcr%3D0%26ei%3DDaJcWuvHKNLS8AfFgoOACQ%26gws_rd%3Dssl\" target=\"_top\">Sign in<\/a>","none":[],"any":[{"impact":"critical","relatedNodes":[],"id":"color-contrast","message":"Unable to determine contrast ratio"}],"target":["#gb_70"]},{"all":[],"html":"<input class=\"gsfi lst-d-f\" id=\"lst-ib\" maxlength=\"2048\" name=\"q\" autocomplete=\"off\" title=\"Search\" type=\"text\" value=\"\" aria-label=\"Search\" aria-haspopup=\"false\" role=\"combobox\" aria-autocomplete=\"list\" dir=\"ltr\" spellcheck=\"false\" style=\"border: none; padding: 0px; margin: 0px; height: auto; width: 100%; background: url(&quot;data:image/gif;base64,R0lGODlhAQABAID/AMDAwAAAACH5BAEAAAAALAAAAAABAAEAAAICRAEAOw%3D%3D&quot;) transparent; position: absolute; z-index: 6; left: 0px; outline: none;\">","none":[],"any":[{"impact":"critical","relatedNodes":[],"id":"color-contrast","message":"Unable to determine contrast ratio"}],"target":["#lst-ib"]},{"all":[],"html":"<input value=\"Google Search\" aria-label=\"Google Search\" name=\"btnK\" type=\"submit\" jsaction=\"sf.chk\">","none":[],"any":[{"impact":"critical","relatedNodes":[],"id":"color-contrast","message":"Unable to determine contrast ratio"}],"target":["#tsf > .tsf-p > .jsb > center > input:nth-of-type(1)"]},{"all":[],"html":"<input value=\"I'm Feeling Lucky\" aria-label=\"I'm Feeling Lucky\" name=\"btnI\" type=\"submit\" jsaction=\"sf.lck\">","none":[],"any":[{"impact":"critical","relatedNodes":[],"id":"color-contrast","message":"Unable to determine contrast ratio"}],"target":["#tsf > .tsf-p > .jsb > center > input:nth-of-type(2)"]},{"all":[],"html":"<div id=\"_eEe\" style=\"\">","none":[],"any":[{"data":{"contrastRatio":"15.91","fgColor":"#222222","bgColor":"#ffffff","fontSize":"9.8pt","fontWeight":"normal"},"impact":"critical","relatedNodes":[],"id":"color-contrast","message":"Element has sufficient color contrast of 15.91"}],"target":["#_eEe"]},{"all":[],"html":"<a href=\"https://www.google.co.in/setprefs?sig=0_jq5sDQr6_CHXF25_vcJQOMLd6mU%3D&amp;hl=hi&amp;source=homepage&amp;sa=X&amp;ved=0ahUKEwi9zfG-_9nYAhXDaxQKHeAVAv8Q2ZgBCAg\" style=\"\">हिन्दी<\/a>","none":[],"any":[{"data":{"contrastRatio":"12.43","fgColor":"#1a0dab","bgColor":"#ffffff","fontSize":"9.8pt","fontWeight":"normal"},"impact":"critical","relatedNodes":[],"id":"color-contrast","message":"Element has sufficient color contrast of 12.43"}],"target":["#_eEe > a:nth-of-type(1)"]},{"all":[],"html":"<a href=\"https://www.google.co.in/setprefs?sig=0_jq5sDQr6_CHXF25_vcJQOMLd6mU%3D&amp;hl=bn&amp;source=homepage&amp;sa=X&amp;ved=0ahUKEwi9zfG-_9nYAhXDaxQKHeAVAv8Q2ZgBCAk\" style=\"\">বাংলা<\/a>","none":[],"any":[{"data":{"contrastRatio":"12.43","fgColor":"#1a0dab","bgColor":"#ffffff","fontSize":"9.8pt","fontWeight":"normal"},"impact":"critical","relatedNodes":[],"id":"color-contrast","message":"Element has sufficient color contrast of 12.43"}],"target":["#_eEe > a:nth-of-type(2)"]},{"all":[],"html":"<a href=\"https://www.google.co.in/setprefs?sig=0_jq5sDQr6_CHXF25_vcJQOMLd6mU%3D&amp;hl=te&amp;source=homepage&amp;sa=X&amp;ved=0ahUKEwi9zfG-_9nYAhXDaxQKHeAVAv8Q2ZgBCAo\" style=\"\">తెలుగు<\/a>","none":[],"any":[{"data":{"contrastRatio":"12.43","fgColor":"#1a0dab","bgColor":"#ffffff","fontSize":"9.8pt","fontWeight":"normal"},"impact":"critical","relatedNodes":[],"id":"color-contrast","message":"Element has sufficient color contrast of 12.43"}],"target":["#_eEe > a:nth-of-type(3)"]},{"all":[],"html":"<a href=\"https://www.google.co.in/setprefs?sig=0_jq5sDQr6_CHXF25_vcJQOMLd6mU%3D&amp;hl=mr&amp;source=homepage&amp;sa=X&amp;ved=0ahUKEwi9zfG-_9nYAhXDaxQKHeAVAv8Q2ZgBCAs\" style=\"\">मराठी<\/a>","none":[],"any":[{"data":{"contrastRatio":"12.43","fgColor":"#1a0dab","bgColor":"#ffffff","fontSize":"9.8pt","fontWeight":"normal"},"impact":"critical","relatedNodes":[],"id":"color-contrast","message":"Element has sufficient color contrast of 12.43"}],"target":["#_eEe > a:nth-of-type(4)"]},{"all":[],"html":"<a href=\"https://www.google.co.in/setprefs?sig=0_jq5sDQr6_CHXF25_vcJQOMLd6mU%3D&amp;hl=ta&amp;source=homepage&amp;sa=X&amp;ved=0ahUKEwi9zfG-_9nYAhXDaxQKHeAVAv8Q2ZgBCAw\" style=\"\">தமிழ்<\/a>","none":[],"any":[{"data":{"contrastRatio":"12.43","fgColor":"#1a0dab","bgColor":"#ffffff","fontSize":"9.8pt","fontWeight":"normal"},"impact":"critical","relatedNodes":[],"id":"color-contrast","message":"Element has sufficient color contrast of 12.43"}],"target":["#_eEe > a:nth-of-type(5)"]},{"all":[],"html":"<a href=\"https://www.google.co.in/setprefs?sig=0_jq5sDQr6_CHXF25_vcJQOMLd6mU%3D&amp;hl=gu&amp;source=homepage&amp;sa=X&amp;ved=0ahUKEwi9zfG-_9nYAhXDaxQKHeAVAv8Q2ZgBCA0\" style=\"\">ગુજરાતી<\/a>","none":[],"any":[{"data":{"contrastRatio":"12.43","fgColor":"#1a0dab","bgColor":"#ffffff","fontSize":"9.8pt","fontWeight":"normal"},"impact":"critical","relatedNodes":[],"id":"color-contrast","message":"Element has sufficient color contrast of 12.43"}],"target":["#_eEe > a:nth-of-type(6)"]},{"all":[],"html":"<a href=\"https://www.google.co.in/setprefs?sig=0_jq5sDQr6_CHXF25_vcJQOMLd6mU%3D&amp;hl=kn&amp;source=homepage&amp;sa=X&amp;ved=0ahUKEwi9zfG-_9nYAhXDaxQKHeAVAv8Q2ZgBCA4\" style=\"\">ಕನ್ನಡ<\/a>","none":[],"any":[{"data":{"contrastRatio":"12.43","fgColor":"#1a0dab","bgColor":"#ffffff","fontSize":"9.8pt","fontWeight":"normal"},"impact":"critical","relatedNodes":[],"id":"color-contrast","message":"Element has sufficient color contrast of 12.43"}],"target":["#_eEe > a:nth-of-type(7)"]},{"all":[],"html":"<a href=\"https://www.google.co.in/setprefs?sig=0_jq5sDQr6_CHXF25_vcJQOMLd6mU%3D&amp;hl=ml&amp;source=homepage&amp;sa=X&amp;ved=0ahUKEwi9zfG-_9nYAhXDaxQKHeAVAv8Q2ZgBCA8\" style=\"\">മലയാളം<\/a>","none":[],"any":[{"data":{"contrastRatio":"12.43","fgColor":"#1a0dab","bgColor":"#ffffff","fontSize":"9.8pt","fontWeight":"normal"},"impact":"critical","relatedNodes":[],"id":"color-contrast","message":"Element has sufficient color contrast of 12.43"}],"target":["#_eEe > a:nth-of-type(8)"]},{"all":[],"html":"<a href=\"https://www.google.co.in/setprefs?sig=0_jq5sDQr6_CHXF25_vcJQOMLd6mU%3D&amp;hl=pa&amp;source=homepage&amp;sa=X&amp;ved=0ahUKEwi9zfG-_9nYAhXDaxQKHeAVAv8Q2ZgBCBA\" style=\"\">ਪੰਜਾਬੀ<\/a>","none":[],"any":[{"data":{"contrastRatio":"12.43","fgColor":"#1a0dab","bgColor":"#ffffff","fontSize":"9.8pt","fontWeight":"normal"},"impact":"critical","relatedNodes":[],"id":"color-contrast","message":"Element has sufficient color contrast of 12.43"}],"target":["#_eEe > a:nth-of-type(9)"]},{"all":[],"html":"<a class=\"_Gs\" href=\"//www.google.co.in/intl/en_in/policies/privacy/?fg=1\" style=\"\">Privacy<\/a>","none":[],"any":[{"data":{"contrastRatio":"5.13","fgColor":"#666666","bgColor":"#f2f2f2","fontSize":"9.8pt","fontWeight":"normal"},"impact":"critical","relatedNodes":[],"id":"color-contrast","message":"Element has sufficient color contrast of 5.13"}],"target":["#fsr > a:nth-of-type(1)"]},{"all":[],"html":"<a class=\"_Gs\" href=\"//www.google.co.in/intl/en_in/policies/terms/?fg=1\" style=\"\">Terms<\/a>","none":[],"any":[{"data":{"contrastRatio":"5.13","fgColor":"#666666","bgColor":"#f2f2f2","fontSize":"9.8pt","fontWeight":"normal"},"impact":"critical","relatedNodes":[],"id":"color-contrast","message":"Element has sufficient color contrast of 5.13"}],"target":["#fsr > a:nth-of-type(2)"]},{"all":[],"html":"<a class=\"_Gs\" href=\"https://www.google.co.in/preferences?hl=en\" id=\"fsettl\" aria-controls=\"fsett\" aria-expanded=\"false\" role=\"button\" jsaction=\"foot.cst\" style=\"\">Settings<\/a>","none":[],"any":[{"data":{"contrastRatio":"5.13","fgColor":"#666666","bgColor":"#f2f2f2","fontSize":"9.8pt","fontWeight":"normal"},"impact":"critical","relatedNodes":[],"id":"color-contrast","message":"Element has sufficient color contrast of 5.13"}],"target":["#fsettl"]},{"all":[],"html":"<a class=\"_Gs\" href=\"https://www.google.com/?gfe_rd=cr&amp;dcr=0&amp;ei=DaJcWuvHKNLS8AfFgoOACQ&amp;gws_rd=ssl,cr&amp;fg=1\" style=\"\">Use Google.com<\/a>","none":[],"any":[{"data":{"contrastRatio":"5.13","fgColor":"#666666","bgColor":"#f2f2f2","fontSize":"9.8pt","fontWeight":"normal"},"impact":"critical","relatedNodes":[],"id":"color-contrast","message":"Element has sufficient color contrast of 5.13"}],"target":["#fsr > a:nth-of-type(3)"]},{"all":[],"html":"<a class=\"_Gs\" href=\"https://www.google.co.in/intl/en_in/ads/?subid=ww-ww-et-g-awa-a-g_hpafoot1_1!o2&amp;utm_source=google.com&amp;utm_medium=referral&amp;utm_campaign=google_hpafooter&amp;fg=1\" onmousedown=\"return rwt(this,'','','','','AOvVaw0g1d3jKUk_E6-SDkPTBs_d','','0ahUKEwi9zfG-_9nYAhXDaxQKHeAVAv8QkdQCCBQ','','',event)\" style=\"\">","none":[],"any":[{"data":{"contrastRatio":"5.13","fgColor":"#666666","bgColor":"#f2f2f2","fontSize":"9.8pt","fontWeight":"normal"},"impact":"critical","relatedNodes":[],"id":"color-contrast","message":"Element has sufficient color contrast of 5.13"}],"target":["#fsl > a:nth-of-type(1)"]},{"all":[],"html":"<a class=\"_Gs\" href=\"https://www.google.co.in/services/?subid=ww-ww-et-g-awa-a-g_hpbfoot1_1!o2&amp;utm_source=google.com&amp;utm_medium=referral&amp;utm_campaign=google_hpbfooter&amp;fg=1\" onmousedown=\"return rwt(this,'','','','','AOvVaw2ie-bsGSk4PqWCCsEyPctl','','0ahUKEwi9zfG-_9nYAhXDaxQKHeAVAv8QktQCCBU','','',event)\" style=\"\">","none":[],"any":[{"data":{"contrastRatio":"5.13","fgColor":"#666666","bgColor":"#f2f2f2","fontSize":"9.8pt","fontWeight":"normal"},"impact":"critical","relatedNodes":[],"id":"color-contrast","message":"Element has sufficient color contrast of 5.13"}],"target":["#fsl > a:nth-of-type(2)"]},{"all":[],"html":"<a class=\"_Gs\" href=\"https://www.google.co.in/intl/en_in/about/?utm_source=google.com&amp;utm_medium=referral&amp;utm_campaign=hp-footer&amp;fg=1\" onmousedown=\"return rwt(this,'','','','','AOvVaw06PgG5k76w9Evm3mQlh_cw','','0ahUKEwi9zfG-_9nYAhXDaxQKHeAVAv8QkNQCCBY','','',event)\" style=\"\">About<\/a>","none":[],"any":[{"data":{"contrastRatio":"5.13","fgColor":"#666666","bgColor":"#f2f2f2","fontSize":"9.8pt","fontWeight":"normal"},"impact":"critical","relatedNodes":[],"id":"color-contrast","message":"Element has sufficient color contrast of 5.13"}],"target":["#fsl > a:nth-of-type(3)"]}],"description":"Ensures the contrast between foreground and background colors meets WCAG 2 AA contrast ratio thresholds","helpUrl":"https://dequeuniversity.com/rules/axe/2.0/color-contrast?application=axeAPI","id":"color-contrast","tags":["wcag2aa","wcag143"]},{"help":"Documents must have <title> element to aid in navigation","nodes":[{"all":[],"html":"<html itemscope=\"\" itemtype=\"http://schema.org/WebPage\" lang=\"en-IN\">","none":[],"any":[{"impact":"moderate","relatedNodes":[],"id":"doc-has-title","message":"Document has a non-empty <title> element"}],"target":["html"]}],"description":"Ensures each HTML document contains a non-empty <title> element","helpUrl":"https://dequeuniversity.com/rules/axe/2.0/document-title?application=axeAPI","id":"document-title","tags":["wcag2a","wcag242"]},{"help":"id attribute value must be unique","nodes":[{"all":[],"html":"<style data-jiis=\"cc\" id=\"gstyle\">","none":[],"any":[{"data":"gstyle","impact":"critical","relatedNodes":[],"id":"duplicate-id","message":"Document has no elements that share the same id attribute"}],"target":["#gstyle"]},{"all":[],"html":"<body class=\"hp vasq\" onload=\"document.f&amp;&amp;document.f.q.focus();document.gbqf&amp;&amp;document.gbqf.q.focus();if(document.images)new Image().src='/images/nav_logo242.png'\" id=\"gsr\" style=\"\">","none":[],"any":[{"data":"gsr","impact":"critical","relatedNodes":[],"id":"duplicate-id","message":"Document has no elements that share the same id attribute"}],"target":["#gsr"]},{"all":[],"html":"<div class=\"ctr-p\" id=\"viewport\" style=\"\">","none":[],"any":[{"data":"viewport","impact":"critical","relatedNodes":[],"id":"duplicate-id","message":"Document has no elements that share the same id attribute"}],"target":["#viewport"]},{"all":[],"html":"<div id=\"doc-info\"><\/div>","none":[],"any":[{"data":"doc-info","impact":"critical","relatedNodes":[],"id":"duplicate-id","message":"Document has no elements that share the same id attribute"}],"target":["#doc-info"]},{"all":[],"html":"<div id=\"cst\">","none":[],"any":[{"data":"cst","impact":"critical","relatedNodes":[],"id":"duplicate-id","message":"Document has no elements that share the same id attribute"}],"target":["#cst"]},{"all":[],"html":"<textarea name=\"csi\" id=\"csi\" style=\"display:none\"><\/textarea>","none":[],"any":[{"data":"csi","impact":"critical","relatedNodes":[],"id":"duplicate-id","message":"Document has no elements that share the same id attribute"}],"target":["#csi"]},{"all":[],"html":"<div class=\"jhp\" id=\"searchform\">","none":[],"any":[{"data":"searchform","impact":"critical","relatedNodes":[],"id":"duplicate-id","message":"Document has no elements that share the same id attribute"}],"target":["#searchform"]},{"all":[],"html":"<div id=\"gb\" class=\"gb_T\" style=\"\">","none":[],"any":[{"data":"gb","impact":"critical","relatedNodes":[],"id":"duplicate-id","message":"Document has no elements that share the same id attribute"}],"target":["#gb"]},{"all":[],"html":"<div id=\"gbw\">","none":[],"any":[{"data":"gbw","impact":"critical","relatedNodes":[],"id":"duplicate-id","message":"Document has no elements that share the same id attribute"}],"target":["#gbw"]},{"all":[],"html":"<div class=\"gb_fa\" id=\"gbsfw\" style=\"background-color:#eee;min-width:376px\"><\/div>","none":[],"any":[{"data":"gbsfw","impact":"critical","relatedNodes":[],"id":"duplicate-id","message":"Document has no elements that share the same id attribute"}],"target":["#gbsfw"]},{"all":[],"html":"<div class=\"gb_da gb_5c gb_R\" id=\"gbwa\">","none":[],"any":[{"data":"gbwa","impact":"critical","relatedNodes":[],"id":"duplicate-id","message":"Document has no elements that share the same id attribute"}],"target":["#gbwa"]},{"all":[],"html":"<a class=\"gb_O\" data-pid=\"192\" href=\"https://myaccount.google.com/?utm_source=OGB&amp;utm_medium=app\" id=\"gb192\">","none":[],"any":[{"data":"gb192","impact":"critical","relatedNodes":[],"id":"duplicate-id","message":"Document has no elements that share the same id attribute"}],"target":["#gb192"]},{"all":[],"html":"<a class=\"gb_O\" data-pid=\"1\" href=\"https://www.google.co.in/webhp?tab=ww\" id=\"gb1\"><div class=\"gb_7\"><\/div><div class=\"gb_8\"><\/div><div class=\"gb_9\"><\/div><div class=\"gb_aa\"><\/div><span class=\"gb_2\" style=\"background-position:0 -483px\"><\/span><span class=\"gb_3\">Search<\/span><\/a>","none":[],"any":[{"data":"gb1","impact":"critical","relatedNodes":[],"id":"duplicate-id","message":"Document has no elements that share the same id attribute"}],"target":["#gb1"]},{"all":[],"html":"<a class=\"gb_O\" data-pid=\"8\" href=\"https://maps.google.co.in/maps?hl=en&amp;tab=wl\" id=\"gb8\"><div class=\"gb_7\"><\/div><div class=\"gb_8\"><\/div><div class=\"gb_9\"><\/div><div class=\"gb_aa\"><\/div><span class=\"gb_2\" style=\"background-position:0 -1587px\"><\/span><span class=\"gb_3\">Maps<\/span><\/a>","none":[],"any":[{"data":"gb8","impact":"critical","relatedNodes":[],"id":"duplicate-id","message":"Document has no elements that share the same id attribute"}],"target":["#gb8"]},{"all":[],"html":"<a class=\"gb_O\" data-pid=\"36\" href=\"https://www.youtube.com/?gl=IN\" id=\"gb36\"><div class=\"gb_7\"><\/div><div class=\"gb_8\"><\/div><div class=\"gb_9\"><\/div><div class=\"gb_aa\"><\/div><span class=\"gb_2\" style=\"background-position:0 -2139px\"><\/span><span class=\"gb_3\">YouTube<\/span><\/a>","none":[],"any":[{"data":"gb36","impact":"critical","relatedNodes":[],"id":"duplicate-id","message":"Document has no elements that share the same id attribute"}],"target":["#gb36"]},{"all":[],"html":"<a class=\"gb_O\" data-pid=\"78\" href=\"https://play.google.com/?hl=en&amp;tab=w8\" id=\"gb78\"><div class=\"gb_7\"><\/div><div class=\"gb_8\"><\/div><div class=\"gb_9\"><\/div><div class=\"gb_aa\"><\/div><span class=\"gb_2\" style=\"background-position:0 -2277px\"><\/span><span class=\"gb_3\">Play<\/span><\/a>","none":[],"any":[{"data":"gb78","impact":"critical","relatedNodes":[],"id":"duplicate-id","message":"Document has no elements that share the same id attribute"}],"target":["#gb78"]},{"all":[],"html":"<a class=\"gb_O\" data-pid=\"5\" href=\"https://news.google.co.in/nwshp?hl=en&amp;tab=wn\" id=\"gb5\"><div class=\"gb_7\"><\/div><div class=\"gb_8\"><\/div><div class=\"gb_9\"><\/div><div class=\"gb_aa\"><\/div><span class=\"gb_2\" style=\"background-position:0 -759px\"><\/span><span class=\"gb_3\">News<\/span><\/a>","none":[],"any":[{"data":"gb5","impact":"critical","relatedNodes":[],"id":"duplicate-id","message":"Document has no elements that share the same id attribute"}],"target":["#gb5"]},{"all":[],"html":"<a class=\"gb_O\" data-pid=\"23\" href=\"https://mail.google.com/mail/?tab=wm\" id=\"gb23\"><div class=\"gb_7\"><\/div><div class=\"gb_8\"><\/div><div class=\"gb_9\"><\/div><div class=\"gb_aa\"><\/div><span class=\"gb_2\" style=\"background-position:0 -207px\"><\/span><span class=\"gb_3\">Gmail<\/span><\/a>","none":[],"any":[{"data":"gb23","impact":"critical","relatedNodes":[],"id":"duplicate-id","message":"Document has no elements that share the same id attribute"}],"target":["#gb23"]},{"all":[],"html":"<a class=\"gb_O\" data-pid=\"49\" href=\"https://drive.google.com/?tab=wo\" id=\"gb49\"><div class=\"gb_7\"><\/div><div class=\"gb_8\"><\/div><div class=\"gb_9\"><\/div><div class=\"gb_aa\"><\/div><span class=\"gb_2\" style=\"background-position:0 -1863px\"><\/span><span class=\"gb_3\">Drive<\/span><\/a>","none":[],"any":[{"data":"gb49","impact":"critical","relatedNodes":[],"id":"duplicate-id","message":"Document has no elements that share the same id attribute"}],"target":["#gb49"]},{"all":[],"html":"<a class=\"gb_O\" data-pid=\"24\" href=\"https://www.google.com/calendar?tab=wc\" id=\"gb24\"><div class=\"gb_7\"><\/div><div class=\"gb_8\"><\/div><div class=\"gb_9\"><\/div><div class=\"gb_aa\"><\/div><span class=\"gb_2\" style=\"background-position:0 -621px\"><\/span><span class=\"gb_3\">Calendar<\/span><\/a>","none":[],"any":[{"data":"gb24","impact":"critical","relatedNodes":[],"id":"duplicate-id","message":"Document has no elements that share the same id attribute"}],"target":["#gb24"]},{"all":[],"html":"<a class=\"gb_O\" data-pid=\"119\" href=\"https://plus.google.com/?gpsrc=ogpy0&amp;tab=wX\" id=\"gb119\"><div class=\"gb_7\"><\/div><div class=\"gb_8\"><\/div><div class=\"gb_9\"><\/div><div class=\"gb_aa\"><\/div><span class=\"gb_2\" style=\"background-position:0 -414px\"><\/span><span class=\"gb_3\">Google+<\/span><\/a>","none":[],"any":[{"data":"gb119","impact":"critical","relatedNodes":[],"id":"duplicate-id","message":"Document has no elements that share the same id attribute"}],"target":["#gb119"]},{"all":[],"html":"<a class=\"gb_O\" data-pid=\"51\" href=\"https://translate.google.co.in/?hl=en&amp;tab=wT\" id=\"gb51\"><div class=\"gb_7\"><\/div><div class=\"gb_8\"><\/div><div class=\"gb_9\"><\/div><div class=\"gb_aa\"><\/div><span class=\"gb_2\" style=\"background-position:0 -1932px\"><\/span><span class=\"gb_3\">Translate<\/span><\/a>","none":[],"any":[{"data":"gb51","impact":"critical","relatedNodes":[],"id":"duplicate-id","message":"Document has no elements that share the same id attribute"}],"target":["#gb51"]},{"all":[],"html":"<a class=\"gb_O\" data-pid=\"31\" href=\"https://photos.google.com/?tab=wq&amp;pageId=none\" id=\"gb31\"><div class=\"gb_7\"><\/div><div class=\"gb_8\"><\/div><div class=\"gb_9\"><\/div><div class=\"gb_aa\"><\/div><span class=\"gb_2\" style=\"background-position:0 -1311px\"><\/span><span class=\"gb_3\">Photos<\/span><\/a>","none":[],"any":[{"data":"gb31","impact":"critical","relatedNodes":[],"id":"duplicate-id","message":"Document has no elements that share the same id attribute"}],"target":["#gb31"]},{"all":[],"html":"<a class=\"gb_O\" data-pid=\"25\" href=\"https://docs.google.com/document/?usp=docs_alc\" id=\"gb25\"><div class=\"gb_7\"><\/div><div class=\"gb_8\"><\/div><div class=\"gb_9\"><\/div><div class=\"gb_aa\"><\/div><span class=\"gb_2\" style=\"background-position:0 -1794px\"><\/span><span class=\"gb_3\">Docs<\/span><\/a>","none":[],"any":[{"data":"gb25","impact":"critical","relatedNodes":[],"id":"duplicate-id","message":"Document has no elements that share the same id attribute"}],"target":["#gb25"]},{"all":[],"html":"<a class=\"gb_O\" data-pid=\"10\" href=\"https://books.google.co.in/bkshp?hl=en&amp;tab=wp\" id=\"gb10\"><div class=\"gb_7\"><\/div><div class=\"gb_8\"><\/div><div class=\"gb_9\"><\/div><div class=\"gb_aa\"><\/div><span class=\"gb_2\" style=\"background-position:0 -690px\"><\/span><span class=\"gb_3\">Books<\/span><\/a>","none":[],"any":[{"data":"gb10","impact":"critical","relatedNodes":[],"id":"duplicate-id","message":"Document has no elements that share the same id attribute"}],"target":["#gb10"]},{"all":[],"html":"<a class=\"gb_O\" data-pid=\"30\" href=\"https://www.blogger.com/?tab=wj\" id=\"gb30\"><div class=\"gb_7\"><\/div><div class=\"gb_8\"><\/div><div class=\"gb_9\"><\/div><div class=\"gb_aa\"><\/div><span class=\"gb_2\" style=\"background-position:0 -552px\"><\/span><span class=\"gb_3\">Blogger<\/span><\/a>","none":[],"any":[{"data":"gb30","impact":"critical","relatedNodes":[],"id":"duplicate-id","message":"Document has no elements that share the same id attribute"}],"target":["#gb30"]},{"all":[],"html":"<a class=\"gb_O\" data-pid=\"53\" href=\"https://www.google.com/contacts/?hl=en&amp;tab=wC\" id=\"gb53\"><div class=\"gb_7\"><\/div><div class=\"gb_8\"><\/div><div class=\"gb_9\"><\/div><div class=\"gb_aa\"><\/div><span class=\"gb_2\" style=\"background-position:0 -1449px\"><\/span><span class=\"gb_3\">Contacts<\/span><\/a>","none":[],"any":[{"data":"gb53","impact":"critical","relatedNodes":[],"id":"duplicate-id","message":"Document has no elements that share the same id attribute"}],"target":["#gb53"]},{"all":[],"html":"<a class=\"gb_O\" data-pid=\"300\" href=\"https://hangouts.google.com/\" id=\"gb300\"><div class=\"gb_7\"><\/div><div class=\"gb_8\"><\/div><div class=\"gb_9\"><\/div><div class=\"gb_aa\"><\/div><span class=\"gb_2\" style=\"background-position:0 -138px\"><\/span><span class=\"gb_3\">Hangouts<\/span><\/a>","none":[],"any":[{"data":"gb300","impact":"critical","relatedNodes":[],"id":"duplicate-id","message":"Document has no elements that share the same id attribute"}],"target":["#gb300"]},{"all":[],"html":"<a class=\"gb_O\" data-pid=\"136\" href=\"https://keep.google.com/\" id=\"gb136\"><div class=\"gb_7\"><\/div><div class=\"gb_8\"><\/div><div class=\"gb_9\"><\/div><div class=\"gb_aa\"><\/div><span class=\"gb_M\"><\/span><span class=\"gb_3\">Keep<\/span><\/a>","none":[],"any":[{"data":"gb136","impact":"critical","relatedNodes":[],"id":"duplicate-id","message":"Document has no elements that share the same id attribute"}],"target":["#gb136"]},{"all":[],"html":"<a class=\"gb_O\" data-pid=\"429\" href=\"https://earth.google.com/web/\" id=\"gb429\"><div class=\"gb_7\"><\/div><div class=\"gb_8\"><\/div><div class=\"gb_9\"><\/div><div class=\"gb_aa\"><\/div><span class=\"gb_2\" style=\"background-position:0 -966px\"><\/span><span class=\"gb_3\">Earth<\/span><\/a>","none":[],"any":[{"data":"gb429","impact":"critical","relatedNodes":[],"id":"duplicate-id","message":"Document has no elements that share the same id attribute"}],"target":["#gb429"]},{"all":[],"html":"<a class=\"gb_Wf gb_Fa gb_Db\" id=\"gb_70\" href=\"https://accounts.google.com/ServiceLogin?hl=en&amp;passive=true&amp;continue=https://www.google.co.in/%3Fgfe_rd%3Dcr%26dcr%3D0%26ei%3DDaJcWuvHKNLS8AfFgoOACQ%26gws_rd%3Dssl\" target=\"_top\">Sign in<\/a>","none":[],"any":[{"data":"gb_70","impact":"critical","relatedNodes":[],"id":"duplicate-id","message":"Document has no elements that share the same id attribute"}],"target":["#gb_70"]},{"all":[],"html":"<form class=\"tsf\" action=\"/search\" style=\"overflow:visible\" id=\"tsf\" method=\"GET\" name=\"f\" onsubmit=\"return q.value!=''\" role=\"search\">","none":[],"any":[{"data":"tsf","impact":"critical","relatedNodes":[],"id":"duplicate-id","message":"Document has no elements that share the same id attribute"}],"target":["#tsf"]},{"all":[],"html":"<div id=\"tophf\"><input name=\"dcr\" value=\"0\" type=\"hidden\"><input name=\"source\" type=\"hidden\" value=\"hp\"><input value=\"D6JcWv2JLMPXUeCriPgP\" name=\"ei\" type=\"hidden\"><\/div>","none":[],"any":[{"data":"tophf","impact":"critical","relatedNodes":[],"id":"duplicate-id","message":"Document has no elements that share the same id attribute"}],"target":["#tophf"]},{"all":[],"html":"<div class=\"nojsv logocont\" id=\"logocont\">","none":[],"any":[{"data":"logocont","impact":"critical","relatedNodes":[],"id":"duplicate-id","message":"Document has no elements that share the same id attribute"}],"target":["#logocont"]},{"all":[],"html":"<a href=\"https://www.google.co.in/webhp?hl=en&amp;dcr=0&amp;sa=X&amp;ved=0ahUKEwi9zfG-_9nYAhXDaxQKHeAVAv8QPAgD\" title=\"Go to Google Home\" id=\"logo\" data-hveid=\"3\">","none":[],"any":[{"data":"logo","impact":"critical","relatedNodes":[],"id":"duplicate-id","message":"Document has no elements that share the same id attribute"}],"target":["#logo"]},{"all":[],"html":"<div class=\"sbtc\" id=\"sbtc\">","none":[],"any":[{"data":"sbtc","impact":"critical","relatedNodes":[],"id":"duplicate-id","message":"Document has no elements that share the same id attribute"}],"target":["#sbtc"]},{"all":[],"html":"<div class=\"sbibod sbfcn\" id=\"sfdiv\">","none":[],"any":[{"data":"sfdiv","impact":"critical","relatedNodes":[],"id":"duplicate-id","message":"Document has no elements that share the same id attribute"}],"target":["#sfdiv"]},{"all":[],"html":"<button class=\"sbico-c\" value=\"Search\" aria-label=\"Google Search\" id=\"_fZl\" name=\"btnG\" type=\"submit\">","none":[],"any":[{"data":"_fZl","impact":"critical","relatedNodes":[],"id":"duplicate-id","message":"Document has no elements that share the same id attribute"}],"target":["#_fZl"]},{"all":[],"html":"<div class=\"gsst_b sbib_c\" id=\"gs_st0\" dir=\"ltr\" style=\"line-height: 44px;\">","none":[],"any":[{"data":"gs_st0","impact":"critical","relatedNodes":[],"id":"duplicate-id","message":"Document has no elements that share the same id attribute"}],"target":["#gs_st0"]},{"all":[],"html":"<span class=\"gsri_a\" id=\"gsri_ok0\"><\/span>","none":[],"any":[{"data":"gsri_ok0","impact":"critical","relatedNodes":[],"id":"duplicate-id","message":"Document has no elements that share the same id attribute"}],"target":["#gsri_ok0"]},{"all":[],"html":"<div id=\"chmo\">","none":[],"any":[{"data":"chmo","impact":"critical","relatedNodes":[],"id":"duplicate-id","message":"Document has no elements that share the same id attribute"}],"target":["#chmo"]},{"all":[],"html":"<div id=\"chm\">","none":[],"any":[{"data":"chm","impact":"critical","relatedNodes":[],"id":"duplicate-id","message":"Document has no elements that share the same id attribute"}],"target":["#chm"]},{"all":[],"html":"<div class=\"sbib_b\" id=\"sb_ifc0\" dir=\"ltr\">","none":[],"any":[{"data":"sb_ifc0","impact":"critical","relatedNodes":[],"id":"duplicate-id","message":"Document has no elements that share the same id attribute"}],"target":["#sb_ifc0"]},{"all":[],"html":"<div id=\"gs_lc0\" style=\"position: relative;\">","none":[],"any":[{"data":"gs_lc0","impact":"critical","relatedNodes":[],"id":"duplicate-id","message":"Document has no elements that share the same id attribute"}],"target":["#gs_lc0"]},{"all":[],"html":"<input class=\"gsfi lst-d-f\" id=\"lst-ib\" maxlength=\"2048\" name=\"q\" autocomplete=\"off\" title=\"Search\" type=\"text\" value=\"\" aria-label=\"Search\" aria-haspopup=\"false\" role=\"combobox\" aria-autocomplete=\"list\" dir=\"ltr\" spellcheck=\"false\" style=\"border: none; padding: 0px; margin: 0px; height: auto; width: 100%; background: url(&quot;data:image/gif;base64,R0lGODlhAQABAID/AMDAwAAAACH5BAEAAAAALAAAAAABAAEAAAICRAEAOw%3D%3D&quot;) transparent; position: absolute; z-index: 6; left: 0px; outline: none;\">","none":[],"any":[{"data":"lst-ib","impact":"critical","relatedNodes":[],"id":"duplicate-id","message":"Document has no elements that share the same id attribute"}],"target":["#lst-ib"]},{"all":[],"html":"<div class=\"gsfi\" id=\"gs_sc0\" style=\"background: transparent; color: transparent; padding: 0px; position: absolute; z-index: 2; white-space: pre; visibility: hidden;\"><\/div>","none":[],"any":[{"data":"gs_sc0","impact":"critical","relatedNodes":[],"id":"duplicate-id","message":"Document has no elements that share the same id attribute"}],"target":["#gs_sc0"]},{"all":[],"html":"<input class=\"gsfi\" disabled=\"\" autocomplete=\"off\" autocapitalize=\"off\" aria-hidden=\"true\" id=\"gs_taif0\" dir=\"ltr\" style=\"border: none; padding: 0px; margin: 0px; height: auto; width: 100%; position: absolute; z-index: 1; background-color: transparent; -webkit-text-fill-color: silver; color: silver; left: 0px;\">","none":[],"any":[{"data":"gs_taif0","impact":"critical","relatedNodes":[],"id":"duplicate-id","message":"Document has no elements that share the same id attribute"}],"target":["#gs_taif0"]},{"all":[],"html":"<input class=\"gsfi\" disabled=\"\" autocomplete=\"off\" autocapitalize=\"off\" aria-hidden=\"true\" id=\"gs_htif0\" dir=\"ltr\" style=\"border: none; padding: 0px; margin: 0px; height: auto; width: 100%; position: absolute; z-index: 1; background-color: transparent; -webkit-text-fill-color: silver; color: silver; transition: all 0.218s; opacity: 0; text-align: left; left: 0px;\">","none":[],"any":[{"data":"gs_htif0","impact":"critical","relatedNodes":[],"id":"duplicate-id","message":"Document has no elements that share the same id attribute"}],"target":["#gs_htif0"]},{"all":[],"html":"<div id=\"pocs\" style=\"display:none;left:0px;white-space:nowrap;position:absolute\">","none":[],"any":[{"data":"pocs","impact":"critical","relatedNodes":[],"id":"duplicate-id","message":"Document has no elements that share the same id attribute"}],"target":["#pocs"]},{"all":[],"html":"<div id=\"pocs0\"><span><span>Google<\/span> Instant is unavailable. Press Enter to search.<\/span>&nbsp;<a href=\"//support.google.com/websearch/answer/186645?hl=en-IN\">Learn more<\/a><\/div>","none":[],"any":[{"data":"pocs0","impact":"critical","relatedNodes":[],"id":"duplicate-id","message":"Document has no elements that share the same id attribute"}],"target":["#pocs0"]},{"all":[],"html":"<div id=\"pocs1\"><span>Google<\/span> Instant is off due to connection speed. Press Enter to search.<\/div>","none":[],"any":[{"data":"pocs1","impact":"critical","relatedNodes":[],"id":"duplicate-id","message":"Document has no elements that share the same id attribute"}],"target":["#pocs1"]},{"all":[],"html":"<div id=\"pocs2\">Press Enter to search.<\/div>","none":[],"any":[{"data":"pocs2","impact":"critical","relatedNodes":[],"id":"duplicate-id","message":"Document has no elements that share the same id attribute"}],"target":["#pocs2"]},{"all":[],"html":"<div id=\"sbfbl\" style=\"display:none\" data-async-context=\"async_id:duf3-46;authority:0;card_id:;entry_point:0;feature_id:;header:0;open:0;suggestions:;suggestions_subtypes:;suggestions_types:;surface:0;type:46\">","none":[],"any":[{"data":"sbfbl","impact":"critical","relatedNodes":[],"id":"duplicate-id","message":"Document has no elements that share the same id attribute"}],"target":["#sbfbl"]},{"all":[],"html":"<div id=\"duf3-46\" data-jiis=\"up\" data-async-type=\"duffy3\" data-async-context-required=\"type,open,feature_id,async_id,entry_point,authority,card_id,header,suggestions,surface,suggestions_types,suggestions_subtypes\" class=\"y yp\" data-ved=\"0ahUKEwi9zfG-_9nYAhXDaxQKHeAVAv8Q-0EIBA\"><\/div>","none":[],"any":[{"data":"duf3-46","impact":"critical","relatedNodes":[],"id":"duplicate-id","message":"Document has no elements that share the same id attribute"}],"target":["#duf3-46"]},{"all":[],"html":"<a class=\"duf3 _sWr\" href=\"#\" id=\"sbfblt\" data-async-trigger=\"duf3-46\" jsaction=\"async.u\" data-ved=\"0ahUKEwi9zfG-_9nYAhXDaxQKHeAVAv8Qtw8IBQ\">Report inappropriate predictions<\/a>","none":[],"any":[{"data":"sbfblt","impact":"critical","relatedNodes":[],"id":"duplicate-id","message":"Document has no elements that share the same id attribute"}],"target":["#sbfblt"]},{"all":[],"html":"<div id=\"gac_scont\"><\/div>","none":[],"any":[{"data":"gac_scont","impact":"critical","relatedNodes":[],"id":"duplicate-id","message":"Document has no elements that share the same id attribute"}],"target":["#gac_scont"]},{"all":[],"html":"<div class=\"spch s2fp-h\" style=\"display:none\" id=\"spch\">","none":[],"any":[{"data":"spch","impact":"critical","relatedNodes":[],"id":"duplicate-id","message":"Document has no elements that share the same id attribute"}],"target":["#spch"]},{"all":[],"html":"<div class=\"spchc\" id=\"spchc\">","none":[],"any":[{"data":"spchc","impact":"critical","relatedNodes":[],"id":"duplicate-id","message":"Document has no elements that share the same id attribute"}],"target":["#spchc"]},{"all":[],"html":"<span class=\"_CMb\" id=\"spchl\"><\/span>","none":[],"any":[{"data":"spchl","impact":"critical","relatedNodes":[],"id":"duplicate-id","message":"Document has no elements that share the same id attribute"}],"target":["#spchl"]},{"all":[],"html":"<span class=\"button\" id=\"spchb\"><div class=\"_wPb\"><span class=\"_AUb\"><\/span><div class=\"_Fjd\"><span class=\"_oXb\"><\/span><span class=\"_dWb\"><\/span><\/div><\/div><\/span>","none":[],"any":[{"data":"spchb","impact":"critical","relatedNodes":[],"id":"duplicate-id","message":"Document has no elements that share the same id attribute"}],"target":["#spchb"]},{"all":[],"html":"<span class=\"spcht\" id=\"spchi\" style=\"color:#777\"><\/span>","none":[],"any":[{"data":"spchi","impact":"critical","relatedNodes":[],"id":"duplicate-id","message":"Document has no elements that share the same id attribute"}],"target":["#spchi"]},{"all":[],"html":"<span class=\"spcht\" id=\"spchf\" style=\"color:#000\"><\/span>","none":[],"any":[{"data":"spchf","impact":"critical","relatedNodes":[],"id":"duplicate-id","message":"Document has no elements that share the same id attribute"}],"target":["#spchf"]},{"all":[],"html":"<div class=\"close-button\" id=\"spchx\">×<\/div>","none":[],"any":[{"data":"spchx","impact":"critical","relatedNodes":[],"id":"duplicate-id","message":"Document has no elements that share the same id attribute"}],"target":["#spchx"]},{"all":[],"html":"<div class=\"content\" id=\"main\" style=\"\">","none":[],"any":[{"data":"main","impact":"critical","relatedNodes":[],"id":"duplicate-id","message":"Document has no elements that share the same id attribute"}],"target":["#main"]},{"all":[],"html":"<span class=\"ctr-p\" id=\"body\" style=\"\">","none":[],"any":[{"data":"body","impact":"critical","relatedNodes":[],"id":"duplicate-id","message":"Document has no elements that share the same id attribute"}],"target":["#body"]},{"all":[],"html":"<div style=\"height:233px;margin-top:89px\" id=\"lga\">","none":[],"any":[{"data":"lga","impact":"critical","relatedNodes":[],"id":"duplicate-id","message":"Document has no elements that share the same id attribute"}],"target":["#lga"]},{"all":[],"html":"<img alt=\"Google\" height=\"92\" id=\"hplogo\" src=\"/images/branding/googlelogo/2x/googlelogo_color_272x92dp.png\" srcset=\"/images/branding/googlelogo/1x/googlelogo_color_272x92dp.png 1x, /images/branding/googlelogo/2x/googlelogo_color_272x92dp.png 2x\" style=\"padding-top:109px\" width=\"272\" onload=\"window.lol&amp;&amp;lol()\">","none":[],"any":[{"data":"hplogo","impact":"critical","relatedNodes":[],"id":"duplicate-id","message":"Document has no elements that share the same id attribute"}],"target":["#hplogo"]},{"all":[],"html":"<div id=\"prm-pt\" style=\"margin-top: 12px;\">","none":[],"any":[{"data":"prm-pt","impact":"critical","relatedNodes":[],"id":"duplicate-id","message":"Document has no elements that share the same id attribute"}],"target":["#prm-pt"]},{"all":[],"html":"<div id=\"als\" style=\"\">","none":[],"any":[{"data":"als","impact":"critical","relatedNodes":[],"id":"duplicate-id","message":"Document has no elements that share the same id attribute"}],"target":["#als"]},{"all":[],"html":"<div id=\"_eEe\" style=\"\">","none":[],"any":[{"data":"_eEe","impact":"critical","relatedNodes":[],"id":"duplicate-id","message":"Document has no elements that share the same id attribute"}],"target":["#_eEe"]},{"all":[],"html":"<div id=\"swml\"><\/div>","none":[],"any":[{"data":"swml","impact":"critical","relatedNodes":[],"id":"duplicate-id","message":"Document has no elements that share the same id attribute"}],"target":["#swml"]},{"all":[],"html":"<div class=\"ctr-p\" id=\"footer\">","none":[],"any":[{"data":"footer","impact":"critical","relatedNodes":[],"id":"duplicate-id","message":"Document has no elements that share the same id attribute"}],"target":["#footer"]},{"all":[],"html":"<div id=\"fbarcnt\" style=\"height: auto; visibility: visible;\">","none":[],"any":[{"data":"fbarcnt","impact":"critical","relatedNodes":[],"id":"duplicate-id","message":"Document has no elements that share the same id attribute"}],"target":["#fbarcnt"]},{"all":[],"html":"<div id=\"footcnt\">","none":[],"any":[{"data":"footcnt","impact":"critical","relatedNodes":[],"id":"duplicate-id","message":"Document has no elements that share the same id attribute"}],"target":["#footcnt"]},{"all":[],"html":"<div class=\"_dQc _E2\" id=\"fbar\" style=\"\">","none":[],"any":[{"data":"fbar","impact":"critical","relatedNodes":[],"id":"duplicate-id","message":"Document has no elements that share the same id attribute"}],"target":["#fbar"]},{"all":[],"html":"<span id=\"fsr\" style=\"\">","none":[],"any":[{"data":"fsr","impact":"critical","relatedNodes":[],"id":"duplicate-id","message":"Document has no elements that share the same id attribute"}],"target":["#fsr"]},{"all":[],"html":"<a class=\"_Gs\" href=\"https://www.google.co.in/preferences?hl=en\" id=\"fsettl\" aria-controls=\"fsett\" aria-expanded=\"false\" role=\"button\" jsaction=\"foot.cst\" style=\"\">Settings<\/a>","none":[],"any":[{"data":"fsettl","impact":"critical","relatedNodes":[],"id":"duplicate-id","message":"Document has no elements that share the same id attribute"}],"target":["#fsettl"]},{"all":[],"html":"<span id=\"fsett\" style=\"display:none\">","none":[],"any":[{"data":"fsett","impact":"critical","relatedNodes":[],"id":"duplicate-id","message":"Document has no elements that share the same id attribute"}],"target":["#fsett"]},{"all":[],"html":"<span id=\"advsl\"><a href=\"/advanced_search?hl=en-IN&amp;fg=1\">Advanced search<\/a><\/span>","none":[],"any":[{"data":"advsl","impact":"critical","relatedNodes":[],"id":"duplicate-id","message":"Document has no elements that share the same id attribute"}],"target":["#advsl"]},{"all":[],"html":"<a href=\"#\" data-bucket=\"websearch\" id=\"_Yvd\" target=\"_blank\" jsaction=\"gf.sf\" data-ved=\"0ahUKEwi9zfG-_9nYAhXDaxQKHeAVAv8QLggT\">Send feedback<\/a>","none":[],"any":[{"data":"_Yvd","impact":"critical","relatedNodes":[],"id":"duplicate-id","message":"Document has no elements that share the same id attribute"}],"target":["#_Yvd"]},{"all":[],"html":"<span id=\"fsl\">","none":[],"any":[{"data":"fsl","impact":"critical","relatedNodes":[],"id":"duplicate-id","message":"Document has no elements that share the same id attribute"}],"target":["#fsl"]},{"all":[],"html":"<div id=\"footc\">","none":[],"any":[{"data":"footc","impact":"critical","relatedNodes":[],"id":"duplicate-id","message":"Document has no elements that share the same id attribute"}],"target":["#footc"]},{"all":[],"html":"<div id=\"xfoot\">","none":[],"any":[{"data":"xfoot","impact":"critical","relatedNodes":[],"id":"duplicate-id","message":"Document has no elements that share the same id attribute"}],"target":["#xfoot"]},{"all":[],"html":"<div id=\"xjsd\"><script src=\"/xjs/_/js/k=xjs.s.en.cutQJKK_sag.O/m=sx,sb,cdos,cr,elog,hsm,jsa,r,d,csi/am=wCL0eMEDEP8fAkWiFRwWLA0wDA0/rt=j/d=1/t=zcms/rs=ACT90oF2byePNcgv9O890PK9ajb4E-sNNw\"><\/script><\/div>","none":[],"any":[{"data":"xjsd","impact":"critical","relatedNodes":[],"id":"duplicate-id","message":"Document has no elements that share the same id attribute"}],"target":["#xjsd"]},{"all":[],"html":"<div id=\"xjsi\">","none":[],"any":[{"data":"xjsi","impact":"critical","relatedNodes":[],"id":"duplicate-id","message":"Document has no elements that share the same id attribute"}],"target":["#xjsi"]},{"all":[],"html":"<div id=\"lb\"><\/div>","none":[],"any":[{"data":"lb","impact":"critical","relatedNodes":[],"id":"duplicate-id","message":"Document has no elements that share the same id attribute"}],"target":["#lb"]},{"all":[],"html":"<div id=\"lfootercc\"><\/div>","none":[],"any":[{"data":"lfootercc","impact":"critical","relatedNodes":[],"id":"duplicate-id","message":"Document has no elements that share the same id attribute"}],"target":["#lfootercc"]}],"description":"Ensures every id attribute value is unique","helpUrl":"https://dequeuniversity.com/rules/axe/2.0/duplicate-id?application=axeAPI","id":"duplicate-id","tags":["wcag2a","wcag411"]},{"help":"<html> element must have a lang attribute","nodes":[{"all":[],"html":"<html itemscope=\"\" itemtype=\"http://schema.org/WebPage\" lang=\"en-IN\">","none":[],"any":[{"impact":"serious","relatedNodes":[],"id":"has-lang","message":"The <html> element has a lang attribute"}],"target":["html"]}],"description":"Ensures every HTML document has a lang attribute","helpUrl":"https://dequeuniversity.com/rules/axe/2.0/html-has-lang?application=axeAPI","id":"html-has-lang","tags":["wcag2a","wcag311"]},{"help":"<html> element must have a valid value for the lang attribute","nodes":[{"all":[],"html":"<html itemscope=\"\" itemtype=\"http://schema.org/WebPage\" lang=\"en-IN\">","none":[{"impact":"serious","relatedNodes":[],"id":"valid-lang","message":"Value of lang attribute is included in the list of valid languages"}],"any":[],"target":["html"]}],"description":"Ensures the lang attribute of the <html> element has a valid value","helpUrl":"https://dequeuniversity.com/rules/axe/2.0/html-lang-valid?application=axeAPI","id":"html-lang-valid","tags":["wcag2a","wcag311"]},{"help":"Images must have alternate text","nodes":[{"all":[],"html":"<img alt=\"Google\" height=\"92\" id=\"hplogo\" src=\"/images/branding/googlelogo/2x/googlelogo_color_272x92dp.png\" srcset=\"/images/branding/googlelogo/1x/googlelogo_color_272x92dp.png 1x, /images/branding/googlelogo/2x/googlelogo_color_272x92dp.png 2x\" style=\"padding-top:109px\" width=\"272\" onload=\"window.lol&amp;&amp;lol()\">","none":[],"any":[{"impact":"critical","relatedNodes":[],"id":"has-alt","message":"Element has an alt attribute"}],"target":["#hplogo"]}],"description":"Ensures <img> elements have alternate text or a role of none or presentation","helpUrl":"https://dequeuniversity.com/rules/axe/2.0/image-alt?application=axeAPI","id":"image-alt","tags":["wcag2a","wcag111","section508","section508.22.a"]},{"help":"Text of buttons and links should not be repeated in the image alternative","nodes":[{"all":[],"html":"<a class=\"gb_P\" data-pid=\"23\" href=\"https://mail.google.com/mail/?tab=wm\" style=\"\">Gmail<\/a>","none":[{"impact":"minor","relatedNodes":[],"id":"duplicate-img-label","message":"Element does not duplicate existing text in <img> alt text"}],"any":[],"target":["#gbw > div > .gb_kb.gb_Eg.gb_R.gb_Dg.gb_Ig.gb_T > .gb_ke.gb_R.gb_Eg.gb_vg > div:nth-of-type(1) > .gb_P"]},{"all":[],"html":"<a class=\"gb_P\" data-pid=\"2\" href=\"https://www.google.co.in/imghp?hl=en&amp;tab=wi\" style=\"\">Images<\/a>","none":[{"impact":"minor","relatedNodes":[],"id":"duplicate-img-label","message":"Element does not duplicate existing text in <img> alt text"}],"any":[],"target":["#gbw > div > .gb_kb.gb_Eg.gb_R.gb_Dg.gb_Ig.gb_T > .gb_ke.gb_R.gb_Eg.gb_vg > div:nth-of-type(2) > .gb_P"]},{"all":[],"html":"<a class=\"gb_b gb_cc\" href=\"https://www.google.co.in/intl/en/options/\" title=\"Google apps\" aria-expanded=\"false\" role=\"button\" tabindex=\"0\" data-eqid=\"0click\"><\/a>","none":[{"impact":"minor","relatedNodes":[],"id":"duplicate-img-label","message":"Element does not duplicate existing text in <img> alt text"}],"any":[],"target":["#gbwa > .gb_Mc > .gb_b.gb_cc"]},{"all":[],"html":"<a class=\"gb_Wf gb_Fa gb_Db\" id=\"gb_70\" href=\"https://accounts.google.com/ServiceLogin?hl=en&amp;passive=true&amp;continue=https://www.google.co.in/%3Fgfe_rd%3Dcr%26dcr%3D0%26ei%3DDaJcWuvHKNLS8AfFgoOACQ%26gws_rd%3Dssl\" target=\"_top\">Sign in<\/a>","none":[{"impact":"minor","relatedNodes":[],"id":"duplicate-img-label","message":"Element does not duplicate existing text in <img> alt text"}],"any":[],"target":["#gb_70"]},{"all":[],"html":"<a class=\"gsst_a\" href=\"javascript:void(0)\" aria-label=\"Search by voice\"><span class=\"gsri_a\" id=\"gsri_ok0\"><\/span><\/a>","none":[{"impact":"minor","relatedNodes":[],"id":"duplicate-img-label","message":"Element does not duplicate existing text in <img> alt text"}],"any":[],"target":["#gs_st0 > .gsst_a"]},{"all":[],"html":"<a href=\"https://www.google.co.in/setprefs?sig=0_jq5sDQr6_CHXF25_vcJQOMLd6mU%3D&amp;hl=hi&amp;source=homepage&amp;sa=X&amp;ved=0ahUKEwi9zfG-_9nYAhXDaxQKHeAVAv8Q2ZgBCAg\" style=\"\">हिन्दी<\/a>","none":[{"impact":"minor","relatedNodes":[],"id":"duplicate-img-label","message":"Element does not duplicate existing text in <img> alt text"}],"any":[],"target":["#_eEe > a:nth-of-type(1)"]},{"all":[],"html":"<a href=\"https://www.google.co.in/setprefs?sig=0_jq5sDQr6_CHXF25_vcJQOMLd6mU%3D&amp;hl=bn&amp;source=homepage&amp;sa=X&amp;ved=0ahUKEwi9zfG-_9nYAhXDaxQKHeAVAv8Q2ZgBCAk\" style=\"\">বাংলা<\/a>","none":[{"impact":"minor","relatedNodes":[],"id":"duplicate-img-label","message":"Element does not duplicate existing text in <img> alt text"}],"any":[],"target":["#_eEe > a:nth-of-type(2)"]},{"all":[],"html":"<a href=\"https://www.google.co.in/setprefs?sig=0_jq5sDQr6_CHXF25_vcJQOMLd6mU%3D&amp;hl=te&amp;source=homepage&amp;sa=X&amp;ved=0ahUKEwi9zfG-_9nYAhXDaxQKHeAVAv8Q2ZgBCAo\" style=\"\">తెలుగు<\/a>","none":[{"impact":"minor","relatedNodes":[],"id":"duplicate-img-label","message":"Element does not duplicate existing text in <img> alt text"}],"any":[],"target":["#_eEe > a:nth-of-type(3)"]},{"all":[],"html":"<a href=\"https://www.google.co.in/setprefs?sig=0_jq5sDQr6_CHXF25_vcJQOMLd6mU%3D&amp;hl=mr&amp;source=homepage&amp;sa=X&amp;ved=0ahUKEwi9zfG-_9nYAhXDaxQKHeAVAv8Q2ZgBCAs\" style=\"\">मराठी<\/a>","none":[{"impact":"minor","relatedNodes":[],"id":"duplicate-img-label","message":"Element does not duplicate existing text in <img> alt text"}],"any":[],"target":["#_eEe > a:nth-of-type(4)"]},{"all":[],"html":"<a href=\"https://www.google.co.in/setprefs?sig=0_jq5sDQr6_CHXF25_vcJQOMLd6mU%3D&amp;hl=ta&amp;source=homepage&amp;sa=X&amp;ved=0ahUKEwi9zfG-_9nYAhXDaxQKHeAVAv8Q2ZgBCAw\" style=\"\">தமிழ்<\/a>","none":[{"impact":"minor","relatedNodes":[],"id":"duplicate-img-label","message":"Element does not duplicate existing text in <img> alt text"}],"any":[],"target":["#_eEe > a:nth-of-type(5)"]},{"all":[],"html":"<a href=\"https://www.google.co.in/setprefs?sig=0_jq5sDQr6_CHXF25_vcJQOMLd6mU%3D&amp;hl=gu&amp;source=homepage&amp;sa=X&amp;ved=0ahUKEwi9zfG-_9nYAhXDaxQKHeAVAv8Q2ZgBCA0\" style=\"\">ગુજરાતી<\/a>","none":[{"impact":"minor","relatedNodes":[],"id":"duplicate-img-label","message":"Element does not duplicate existing text in <img> alt text"}],"any":[],"target":["#_eEe > a:nth-of-type(6)"]},{"all":[],"html":"<a href=\"https://www.google.co.in/setprefs?sig=0_jq5sDQr6_CHXF25_vcJQOMLd6mU%3D&amp;hl=kn&amp;source=homepage&amp;sa=X&amp;ved=0ahUKEwi9zfG-_9nYAhXDaxQKHeAVAv8Q2ZgBCA4\" style=\"\">ಕನ್ನಡ<\/a>","none":[{"impact":"minor","relatedNodes":[],"id":"duplicate-img-label","message":"Element does not duplicate existing text in <img> alt text"}],"any":[],"target":["#_eEe > a:nth-of-type(7)"]},{"all":[],"html":"<a href=\"https://www.google.co.in/setprefs?sig=0_jq5sDQr6_CHXF25_vcJQOMLd6mU%3D&amp;hl=ml&amp;source=homepage&amp;sa=X&amp;ved=0ahUKEwi9zfG-_9nYAhXDaxQKHeAVAv8Q2ZgBCA8\" style=\"\">മലയാളം<\/a>","none":[{"impact":"minor","relatedNodes":[],"id":"duplicate-img-label","message":"Element does not duplicate existing text in <img> alt text"}],"any":[],"target":["#_eEe > a:nth-of-type(8)"]},{"all":[],"html":"<a href=\"https://www.google.co.in/setprefs?sig=0_jq5sDQr6_CHXF25_vcJQOMLd6mU%3D&amp;hl=pa&amp;source=homepage&amp;sa=X&amp;ved=0ahUKEwi9zfG-_9nYAhXDaxQKHeAVAv8Q2ZgBCBA\" style=\"\">ਪੰਜਾਬੀ<\/a>","none":[{"impact":"minor","relatedNodes":[],"id":"duplicate-img-label","message":"Element does not duplicate existing text in <img> alt text"}],"any":[],"target":["#_eEe > a:nth-of-type(9)"]},{"all":[],"html":"<a class=\"_Gs\" href=\"//www.google.co.in/intl/en_in/policies/privacy/?fg=1\" style=\"\">Privacy<\/a>","none":[{"impact":"minor","relatedNodes":[],"id":"duplicate-img-label","message":"Element does not duplicate existing text in <img> alt text"}],"any":[],"target":["#fsr > a:nth-of-type(1)"]},{"all":[],"html":"<a class=\"_Gs\" href=\"//www.google.co.in/intl/en_in/policies/terms/?fg=1\" style=\"\">Terms<\/a>","none":[{"impact":"minor","relatedNodes":[],"id":"duplicate-img-label","message":"Element does not duplicate existing text in <img> alt text"}],"any":[],"target":["#fsr > a:nth-of-type(2)"]},{"all":[],"html":"<a class=\"_Gs\" href=\"https://www.google.co.in/preferences?hl=en\" id=\"fsettl\" aria-controls=\"fsett\" aria-expanded=\"false\" role=\"button\" jsaction=\"foot.cst\" style=\"\">Settings<\/a>","none":[{"impact":"minor","relatedNodes":[],"id":"duplicate-img-label","message":"Element does not duplicate existing text in <img> alt text"}],"any":[],"target":["#fsettl"]},{"all":[],"html":"<a class=\"_Gs\" href=\"https://www.google.com/?gfe_rd=cr&amp;dcr=0&amp;ei=DaJcWuvHKNLS8AfFgoOACQ&amp;gws_rd=ssl,cr&amp;fg=1\" style=\"\">Use Google.com<\/a>","none":[{"impact":"minor","relatedNodes":[],"id":"duplicate-img-label","message":"Element does not duplicate existing text in <img> alt text"}],"any":[],"target":["#fsr > a:nth-of-type(3)"]},{"all":[],"html":"<a class=\"_Gs\" href=\"https://www.google.co.in/intl/en_in/ads/?subid=ww-ww-et-g-awa-a-g_hpafoot1_1!o2&amp;utm_source=google.com&amp;utm_medium=referral&amp;utm_campaign=google_hpafooter&amp;fg=1\" onmousedown=\"return rwt(this,'','','','','AOvVaw0g1d3jKUk_E6-SDkPTBs_d','','0ahUKEwi9zfG-_9nYAhXDaxQKHeAVAv8QkdQCCBQ','','',event)\" style=\"\">","none":[{"impact":"minor","relatedNodes":[],"id":"duplicate-img-label","message":"Element does not duplicate existing text in <img> alt text"}],"any":[],"target":["#fsl > a:nth-of-type(1)"]},{"all":[],"html":"<a class=\"_Gs\" href=\"https://www.google.co.in/services/?subid=ww-ww-et-g-awa-a-g_hpbfoot1_1!o2&amp;utm_source=google.com&amp;utm_medium=referral&amp;utm_campaign=google_hpbfooter&amp;fg=1\" onmousedown=\"return rwt(this,'','','','','AOvVaw2ie-bsGSk4PqWCCsEyPctl','','0ahUKEwi9zfG-_9nYAhXDaxQKHeAVAv8QktQCCBU','','',event)\" style=\"\">","none":[{"impact":"minor","relatedNodes":[],"id":"duplicate-img-label","message":"Element does not duplicate existing text in <img> alt text"}],"any":[],"target":["#fsl > a:nth-of-type(2)"]},{"all":[],"html":"<a class=\"_Gs\" href=\"https://www.google.co.in/intl/en_in/about/?utm_source=google.com&amp;utm_medium=referral&amp;utm_campaign=hp-footer&amp;fg=1\" onmousedown=\"return rwt(this,'','','','','AOvVaw06PgG5k76w9Evm3mQlh_cw','','0ahUKEwi9zfG-_9nYAhXDaxQKHeAVAv8QkNQCCBY','','',event)\" style=\"\">About<\/a>","none":[{"impact":"minor","relatedNodes":[],"id":"duplicate-img-label","message":"Element does not duplicate existing text in <img> alt text"}],"any":[],"target":["#fsl > a:nth-of-type(3)"]}],"description":"Ensure button and link text is not repeated as image alternative","helpUrl":"https://dequeuniversity.com/rules/axe/2.0/image-redundant-alt?application=axeAPI","id":"image-redundant-alt","tags":["best-practice"]},{"help":"Form elements must have labels","nodes":[{"all":[],"html":"<input class=\"gsfi lst-d-f\" id=\"lst-ib\" maxlength=\"2048\" name=\"q\" autocomplete=\"off\" title=\"Search\" type=\"text\" value=\"\" aria-label=\"Search\" aria-haspopup=\"false\" role=\"combobox\" aria-autocomplete=\"list\" dir=\"ltr\" spellcheck=\"false\" style=\"border: none; padding: 0px; margin: 0px; height: auto; width: 100%; background: url(&quot;data:image/gif;base64,R0lGODlhAQABAID/AMDAwAAAACH5BAEAAAAALAAAAAABAAEAAAICRAEAOw%3D%3D&quot;) transparent; position: absolute; z-index: 6; left: 0px; outline: none;\">","none":[{"impact":"serious","relatedNodes":[],"id":"multiple-label","message":"Form element does not have multiple <label> elements"}],"any":[{"impact":"critical","relatedNodes":[],"id":"aria-label","message":"aria-label attribute exists and is not empty"},{"impact":"critical","relatedNodes":[],"id":"non-empty-title","message":"Element has a title attribute"}],"target":["#lst-ib"]}],"description":"Ensures every form element has a label","helpUrl":"https://dequeuniversity.com/rules/axe/2.0/label?application=axeAPI","id":"label","tags":["wcag2a","wcag332","wcag131","section508","section508.22.n"]},{"help":"Links must have discernible text","nodes":[{"all":[],"html":"<a class=\"gb_P\" data-pid=\"23\" href=\"https://mail.google.com/mail/?tab=wm\" style=\"\">Gmail<\/a>","none":[{"impact":"serious","relatedNodes":[],"id":"focusable-no-name","message":"Element is not in tab order or has accessible text"}],"any":[{"impact":"critical","relatedNodes":[],"id":"has-visible-text","message":"Element has text that is visible to screen readers"}],"target":["#gbw > div > .gb_kb.gb_Eg.gb_R.gb_Dg.gb_Ig.gb_T > .gb_ke.gb_R.gb_Eg.gb_vg > div:nth-of-type(1) > .gb_P"]},{"all":[],"html":"<a class=\"gb_P\" data-pid=\"2\" href=\"https://www.google.co.in/imghp?hl=en&amp;tab=wi\" style=\"\">Images<\/a>","none":[{"impact":"serious","relatedNodes":[],"id":"focusable-no-name","message":"Element is not in tab order or has accessible text"}],"any":[{"impact":"critical","relatedNodes":[],"id":"has-visible-text","message":"Element has text that is visible to screen readers"}],"target":["#gbw > div > .gb_kb.gb_Eg.gb_R.gb_Dg.gb_Ig.gb_T > .gb_ke.gb_R.gb_Eg.gb_vg > div:nth-of-type(2) > .gb_P"]},{"all":[],"html":"<a class=\"gb_Wf gb_Fa gb_Db\" id=\"gb_70\" href=\"https://accounts.google.com/ServiceLogin?hl=en&amp;passive=true&amp;continue=https://www.google.co.in/%3Fgfe_rd%3Dcr%26dcr%3D0%26ei%3DDaJcWuvHKNLS8AfFgoOACQ%26gws_rd%3Dssl\" target=\"_top\">Sign in<\/a>","none":[{"impact":"serious","relatedNodes":[],"id":"focusable-no-name","message":"Element is not in tab order or has accessible text"}],"any":[{"impact":"critical","relatedNodes":[],"id":"has-visible-text","message":"Element has text that is visible to screen readers"}],"target":["#gb_70"]},{"all":[],"html":"<a class=\"gsst_a\" href=\"javascript:void(0)\" aria-label=\"Search by voice\"><span class=\"gsri_a\" id=\"gsri_ok0\"><\/span><\/a>","none":[{"impact":"serious","relatedNodes":[],"id":"focusable-no-name","message":"Element is not in tab order or has accessible text"}],"any":[{"impact":"critical","relatedNodes":[],"id":"has-visible-text","message":"Element has text that is visible to screen readers"},{"impact":"critical","relatedNodes":[],"id":"aria-label","message":"aria-label attribute exists and is not empty"}],"target":["#gs_st0 > .gsst_a"]},{"all":[],"html":"<a href=\"https://www.google.co.in/setprefs?sig=0_jq5sDQr6_CHXF25_vcJQOMLd6mU%3D&amp;hl=hi&amp;source=homepage&amp;sa=X&amp;ved=0ahUKEwi9zfG-_9nYAhXDaxQKHeAVAv8Q2ZgBCAg\" style=\"\">हिन्दी<\/a>","none":[{"impact":"serious","relatedNodes":[],"id":"focusable-no-name","message":"Element is not in tab order or has accessible text"}],"any":[{"impact":"critical","relatedNodes":[],"id":"has-visible-text","message":"Element has text that is visible to screen readers"}],"target":["#_eEe > a:nth-of-type(1)"]},{"all":[],"html":"<a href=\"https://www.google.co.in/setprefs?sig=0_jq5sDQr6_CHXF25_vcJQOMLd6mU%3D&amp;hl=bn&amp;source=homepage&amp;sa=X&amp;ved=0ahUKEwi9zfG-_9nYAhXDaxQKHeAVAv8Q2ZgBCAk\" style=\"\">বাংলা<\/a>","none":[{"impact":"serious","relatedNodes":[],"id":"focusable-no-name","message":"Element is not in tab order or has accessible text"}],"any":[{"impact":"critical","relatedNodes":[],"id":"has-visible-text","message":"Element has text that is visible to screen readers"}],"target":["#_eEe > a:nth-of-type(2)"]},{"all":[],"html":"<a href=\"https://www.google.co.in/setprefs?sig=0_jq5sDQr6_CHXF25_vcJQOMLd6mU%3D&amp;hl=te&amp;source=homepage&amp;sa=X&amp;ved=0ahUKEwi9zfG-_9nYAhXDaxQKHeAVAv8Q2ZgBCAo\" style=\"\">తెలుగు<\/a>","none":[{"impact":"serious","relatedNodes":[],"id":"focusable-no-name","message":"Element is not in tab order or has accessible text"}],"any":[{"impact":"critical","relatedNodes":[],"id":"has-visible-text","message":"Element has text that is visible to screen readers"}],"target":["#_eEe > a:nth-of-type(3)"]},{"all":[],"html":"<a href=\"https://www.google.co.in/setprefs?sig=0_jq5sDQr6_CHXF25_vcJQOMLd6mU%3D&amp;hl=mr&amp;source=homepage&amp;sa=X&amp;ved=0ahUKEwi9zfG-_9nYAhXDaxQKHeAVAv8Q2ZgBCAs\" style=\"\">मराठी<\/a>","none":[{"impact":"serious","relatedNodes":[],"id":"focusable-no-name","message":"Element is not in tab order or has accessible text"}],"any":[{"impact":"critical","relatedNodes":[],"id":"has-visible-text","message":"Element has text that is visible to screen readers"}],"target":["#_eEe > a:nth-of-type(4)"]},{"all":[],"html":"<a href=\"https://www.google.co.in/setprefs?sig=0_jq5sDQr6_CHXF25_vcJQOMLd6mU%3D&amp;hl=ta&amp;source=homepage&amp;sa=X&amp;ved=0ahUKEwi9zfG-_9nYAhXDaxQKHeAVAv8Q2ZgBCAw\" style=\"\">தமிழ்<\/a>","none":[{"impact":"serious","relatedNodes":[],"id":"focusable-no-name","message":"Element is not in tab order or has accessible text"}],"any":[{"impact":"critical","relatedNodes":[],"id":"has-visible-text","message":"Element has text that is visible to screen readers"}],"target":["#_eEe > a:nth-of-type(5)"]},{"all":[],"html":"<a href=\"https://www.google.co.in/setprefs?sig=0_jq5sDQr6_CHXF25_vcJQOMLd6mU%3D&amp;hl=gu&amp;source=homepage&amp;sa=X&amp;ved=0ahUKEwi9zfG-_9nYAhXDaxQKHeAVAv8Q2ZgBCA0\" style=\"\">ગુજરાતી<\/a>","none":[{"impact":"serious","relatedNodes":[],"id":"focusable-no-name","message":"Element is not in tab order or has accessible text"}],"any":[{"impact":"critical","relatedNodes":[],"id":"has-visible-text","message":"Element has text that is visible to screen readers"}],"target":["#_eEe > a:nth-of-type(6)"]},{"all":[],"html":"<a href=\"https://www.google.co.in/setprefs?sig=0_jq5sDQr6_CHXF25_vcJQOMLd6mU%3D&amp;hl=kn&amp;source=homepage&amp;sa=X&amp;ved=0ahUKEwi9zfG-_9nYAhXDaxQKHeAVAv8Q2ZgBCA4\" style=\"\">ಕನ್ನಡ<\/a>","none":[{"impact":"serious","relatedNodes":[],"id":"focusable-no-name","message":"Element is not in tab order or has accessible text"}],"any":[{"impact":"critical","relatedNodes":[],"id":"has-visible-text","message":"Element has text that is visible to screen readers"}],"target":["#_eEe > a:nth-of-type(7)"]},{"all":[],"html":"<a href=\"https://www.google.co.in/setprefs?sig=0_jq5sDQr6_CHXF25_vcJQOMLd6mU%3D&amp;hl=ml&amp;source=homepage&amp;sa=X&amp;ved=0ahUKEwi9zfG-_9nYAhXDaxQKHeAVAv8Q2ZgBCA8\" style=\"\">മലയാളം<\/a>","none":[{"impact":"serious","relatedNodes":[],"id":"focusable-no-name","message":"Element is not in tab order or has accessible text"}],"any":[{"impact":"critical","relatedNodes":[],"id":"has-visible-text","message":"Element has text that is visible to screen readers"}],"target":["#_eEe > a:nth-of-type(8)"]},{"all":[],"html":"<a href=\"https://www.google.co.in/setprefs?sig=0_jq5sDQr6_CHXF25_vcJQOMLd6mU%3D&amp;hl=pa&amp;source=homepage&amp;sa=X&amp;ved=0ahUKEwi9zfG-_9nYAhXDaxQKHeAVAv8Q2ZgBCBA\" style=\"\">ਪੰਜਾਬੀ<\/a>","none":[{"impact":"serious","relatedNodes":[],"id":"focusable-no-name","message":"Element is not in tab order or has accessible text"}],"any":[{"impact":"critical","relatedNodes":[],"id":"has-visible-text","message":"Element has text that is visible to screen readers"}],"target":["#_eEe > a:nth-of-type(9)"]},{"all":[],"html":"<a class=\"_Gs\" href=\"//www.google.co.in/intl/en_in/policies/privacy/?fg=1\" style=\"\">Privacy<\/a>","none":[{"impact":"serious","relatedNodes":[],"id":"focusable-no-name","message":"Element is not in tab order or has accessible text"}],"any":[{"impact":"critical","relatedNodes":[],"id":"has-visible-text","message":"Element has text that is visible to screen readers"}],"target":["#fsr > a:nth-of-type(1)"]},{"all":[],"html":"<a class=\"_Gs\" href=\"//www.google.co.in/intl/en_in/policies/terms/?fg=1\" style=\"\">Terms<\/a>","none":[{"impact":"serious","relatedNodes":[],"id":"focusable-no-name","message":"Element is not in tab order or has accessible text"}],"any":[{"impact":"critical","relatedNodes":[],"id":"has-visible-text","message":"Element has text that is visible to screen readers"}],"target":["#fsr > a:nth-of-type(2)"]},{"all":[],"html":"<a class=\"_Gs\" href=\"https://www.google.com/?gfe_rd=cr&amp;dcr=0&amp;ei=DaJcWuvHKNLS8AfFgoOACQ&amp;gws_rd=ssl,cr&amp;fg=1\" style=\"\">Use Google.com<\/a>","none":[{"impact":"serious","relatedNodes":[],"id":"focusable-no-name","message":"Element is not in tab order or has accessible text"}],"any":[{"impact":"critical","relatedNodes":[],"id":"has-visible-text","message":"Element has text that is visible to screen readers"}],"target":["#fsr > a:nth-of-type(3)"]},{"all":[],"html":"<a class=\"_Gs\" href=\"https://www.google.co.in/intl/en_in/ads/?subid=ww-ww-et-g-awa-a-g_hpafoot1_1!o2&amp;utm_source=google.com&amp;utm_medium=referral&amp;utm_campaign=google_hpafooter&amp;fg=1\" onmousedown=\"return rwt(this,'','','','','AOvVaw0g1d3jKUk_E6-SDkPTBs_d','','0ahUKEwi9zfG-_9nYAhXDaxQKHeAVAv8QkdQCCBQ','','',event)\" style=\"\">","none":[{"impact":"serious","relatedNodes":[],"id":"focusable-no-name","message":"Element is not in tab order or has accessible text"}],"any":[{"impact":"critical","relatedNodes":[],"id":"has-visible-text","message":"Element has text that is visible to screen readers"}],"target":["#fsl > a:nth-of-type(1)"]},{"all":[],"html":"<a class=\"_Gs\" href=\"https://www.google.co.in/services/?subid=ww-ww-et-g-awa-a-g_hpbfoot1_1!o2&amp;utm_source=google.com&amp;utm_medium=referral&amp;utm_campaign=google_hpbfooter&amp;fg=1\" onmousedown=\"return rwt(this,'','','','','AOvVaw2ie-bsGSk4PqWCCsEyPctl','','0ahUKEwi9zfG-_9nYAhXDaxQKHeAVAv8QktQCCBU','','',event)\" style=\"\">","none":[{"impact":"serious","relatedNodes":[],"id":"focusable-no-name","message":"Element is not in tab order or has accessible text"}],"any":[{"impact":"critical","relatedNodes":[],"id":"has-visible-text","message":"Element has text that is visible to screen readers"}],"target":["#fsl > a:nth-of-type(2)"]},{"all":[],"html":"<a class=\"_Gs\" href=\"https://www.google.co.in/intl/en_in/about/?utm_source=google.com&amp;utm_medium=referral&amp;utm_campaign=hp-footer&amp;fg=1\" onmousedown=\"return rwt(this,'','','','','AOvVaw06PgG5k76w9Evm3mQlh_cw','','0ahUKEwi9zfG-_9nYAhXDaxQKHeAVAv8QkNQCCBY','','',event)\" style=\"\">About<\/a>","none":[{"impact":"serious","relatedNodes":[],"id":"focusable-no-name","message":"Element is not in tab order or has accessible text"}],"any":[{"impact":"critical","relatedNodes":[],"id":"has-visible-text","message":"Element has text that is visible to screen readers"}],"target":["#fsl > a:nth-of-type(3)"]}],"description":"Ensures links have discernible text","helpUrl":"https://dequeuniversity.com/rules/axe/2.0/link-name?application=axeAPI","id":"link-name","tags":["wcag2a","wcag111","wcag412","section508","section508.22.a"]},{"help":"Elements should not have tabindex greater than zero","nodes":[{"all":[],"html":"<a class=\"gb_b gb_cc\" href=\"https://www.google.co.in/intl/en/options/\" title=\"Google apps\" aria-expanded=\"false\" role=\"button\" tabindex=\"0\" data-eqid=\"0click\"><\/a>","none":[],"any":[{"impact":"serious","relatedNodes":[],"id":"tabindex","message":"Element does not have a tabindex greater than 0"}],"target":["#gbwa > .gb_Mc > .gb_b.gb_cc"]}],"description":"Ensures tabindex attribute values are not greater than 0","helpUrl":"https://dequeuniversity.com/rules/axe/2.0/tabindex?application=axeAPI","id":"tabindex","tags":["best-practice"]}],"violations":[{"help":"Required ARIA attributes must be provided","nodes":[{"all":[],"impact":"critical","html":"<input class=\"gsfi lst-d-f\" id=\"lst-ib\" maxlength=\"2048\" name=\"q\" autocomplete=\"off\" title=\"Search\" type=\"text\" value=\"\" aria-label=\"Search\" aria-haspopup=\"false\" role=\"combobox\" aria-autocomplete=\"list\" dir=\"ltr\" spellcheck=\"false\" style=\"border: none; padding: 0px; margin: 0px; height: auto; width: 100%; background: url(&quot;data:image/gif;base64,R0lGODlhAQABAID/AMDAwAAAACH5BAEAAAAALAAAAAABAAEAAAICRAEAOw%3D%3D&quot;) transparent; position: absolute; z-index: 6; left: 0px; outline: none;\">","none":[],"any":[{"data":["aria-expanded"],"impact":"critical","relatedNodes":[],"id":"aria-required-attr","message":"Required ARIA attribute not present: aria-expanded"}],"target":["#lst-ib"]}],"impact":"critical","description":"Ensures elements with ARIA roles have all required ARIA attributes","helpUrl":"https://dequeuniversity.com/rules/axe/2.0/aria-required-attr?application=axeAPI","id":"aria-required-attr","tags":["wcag2a","wcag411","wcag412"]},{"help":"Certain ARIA roles must contain particular children","nodes":[{"all":[],"impact":"critical","html":"<input class=\"gsfi lst-d-f\" id=\"lst-ib\" maxlength=\"2048\" name=\"q\" autocomplete=\"off\" title=\"Search\" type=\"text\" value=\"\" aria-label=\"Search\" aria-haspopup=\"false\" role=\"combobox\" aria-autocomplete=\"list\" dir=\"ltr\" spellcheck=\"false\" style=\"border: none; padding: 0px; margin: 0px; height: auto; width: 100%; background: url(&quot;data:image/gif;base64,R0lGODlhAQABAID/AMDAwAAAACH5BAEAAAAALAAAAAABAAEAAAICRAEAOw%3D%3D&quot;) transparent; position: absolute; z-index: 6; left: 0px; outline: none;\">","none":[],"any":[{"data":["listbox","textbox"],"impact":"critical","relatedNodes":[],"id":"aria-required-children","message":"Required ARIA children role not present: listbox textbox"}],"target":["#lst-ib"]}],"impact":"critical","description":"Ensures elements with an ARIA role that require child roles contain them","helpUrl":"https://dequeuniversity.com/rules/axe/2.0/aria-required-children?application=axeAPI","id":"aria-required-children","tags":["wcag2a","wcag131"]},{"help":"Elements must have sufficient color contrast","nodes":[{"all":[],"impact":"critical","html":"<span class=\"_Vbu\" style=\"\">India<\/span>","none":[],"any":[{"data":{"contrastRatio":"4.47","fgColor":"#6f6f6f","bgColor":"#f2f2f2","fontSize":"11.3pt","fontWeight":"normal"},"impact":"critical","relatedNodes":[{"html":"<div class=\"_dQc _E2\" id=\"fbar\" style=\"\">","target":["#fbar"]}],"id":"color-contrast","message":"Element has insufficient color contrast of 4.47 (foreground color: #6f6f6f, background color: #f2f2f2, font size: 11.3pt, font weight: normal)"}],"target":["#fbar > .fbar > ._Ubu > ._Cbu > ._Vbu"]}],"impact":"critical","description":"Ensures the contrast between foreground and background colors meets WCAG 2 AA contrast ratio thresholds","helpUrl":"https://dequeuniversity.com/rules/axe/2.0/color-contrast?application=axeAPI","id":"color-contrast","tags":["wcag2aa","wcag143"]}],"url":"https://www.google.co.in/?gfe_rd=cr&dcr=0&ei=DaJcWuvHKNLS8AfFgoOACQ&gws_rd=ssl","timestamp":"2018-01-15T12:44:04.975Z"}